period,tsin_id,sku,product_title,average_selling_price,success_fee,fulfilment_fee,total_claim_value,opening_balance,shipment_received,returns_received_into_goodstock,lost_in_transit_returns_found,other_inflow,total_inflow,shipped_to_customer,removal_orders_collected,removal_orders_disposed,other_outflow,total_outflow,closing_balance,stock_in_transit,removal_orders_awaiting_collection_or_being_processed,return_removal_orders_collected,returns_removal_order_disposed
The recon month in the format YYYYMM.,Takealot's unique product identifier.,Stock Keeping Unit - your internal product identifier.,The product title as shown on the product display page.,An average of your selling price for the last 3 months. This is the selling price used to calculate any losses owed to you.,"The success fee covers the referral fee, transactional costs, customer support, and platform support. It is calculated as percentage of your average selling price and used to calculate any losses owed to you. This amount is deducted from your claim when you are paid for losses owed to you.",The fulfilment fee for the product based on the fulfilment fee rate and product dimensions/weight at the point this report was generated. It is deducted from your payout based on the average selling price of the product when you are paid for losses owed to you.,"The amount you need to include on your invoice to Takealot to claim for lost stock. It is calculated by taking the average_selling price of an item, subtracting both the success_fee and the fulfillment_fee, and then multiplying the result by the other_outflow value. This final figure is what you will charge Takealot.","Total qty in all of Takealot's warehouses at the beginning of the period. This includes the qty buyable on takealot.com, being prepared for customers, in a receiving process into a Takealot warehouse or in a removal order before it is collected/disposed. It excludes any stock that has arrived at a Takealot warehouse, but has yet to be received into our system.",Qty received via shipments or is in the process of being received at a Takealot warehouse.,Qty received via returned stock that has been evaluated and put back into buyable stock.,Qty received back into the Takealot warehouses that were previously thought to be Lost in Transit.,Other increases in the period (e.g. stock found).,Total increase to the qty in Takealot's warehouses during the period. This is the sum of all inflow columns.,Qty shipped to customers in the period.,Qty collected by you in the period for good stock removal orders.,Qty prepared for you for good stock removal orders that has been disposed in the period due to non collection by you as per the seller T's&C's.,Other decreases in the period (e.g. stock lost). Please refer to the Seller Portal Knowledge base for more information on how to claim for stock losses.,Total decrease to the qty in Takealot's warehouses during the period. This is a sum of all outflow columns.,"Total qty in all of Takealot's warehouses at the end of the period. This includes the qty buyable on takealot.com, being prepared for customers, in a receiving process into a Takealot warehouse or in a removal order before it is collected/disposed. It excludes any stock that has arrived at a Takealot warehouse, but has yet to be received into our system.",Total qty in transit between Takealot warehouses.,Qty requested and prepared for removal orders submitted or awaiting collection by you. This does not include bad stock removal orders.,Qty collected by you in the period for bad stock removal orders,Qty prepared for bad stock removal orders that has been disposed in the period due to non collection by you as per the seller T's&C's.
202408,43920567,C89M169,HP Laptop Charger,253.71,29.18,48.3,0,11,10,3,0,1,14,15,0,0,0,15,10,0,0,0,0
202408,43920571,c40-m110-1-,Display Port to HDMI - Black,109.17,8.79,48.3,0,2,0,0,0,0,0,0,0,0,0,0,2,0,2,0,0
202408,44869805,C50M120^*,Mop  Broom & Sports Equipment Organizer Wall Mount,159.21,27.46,48.3,0,5,0,0,0,0,0,0,4,0,0,4,1,0,0,0,0
202408,45061444,c250m360-c88,Mini Air Hockey Table,490,67.62,48.3,0,0,6,0,0,0,6,4,0,0,0,4,2,0,0,0,0
202408,47349224,C170-M290*,Double Cereal Dispenser,398,68.66,48.3,0,1,0,0,0,0,0,0,0,0,0,0,1,0,0,0,0
202408,47531258,C90-m170@,Miracle Defrosting Tray - Defrost in Minutes,250,43.13,48.3,0,1,0,0,0,0,0,0,0,0,0,0,1,0,0,0,0
202408,47676192,~c140--m230-=,Marble Rolling Pin with Wooden Handles,280,48.3,48.3,0,2,0,0,0,0,0,0,0,0,0,0,2,0,0,0,0
202408,47743181,c30m100--1DNS,Digital Stainless Cooking Thermometer,138,23.81,48.3,0,3,7,0,0,0,7,6,0,0,0,6,4,0,0,0,0
202408,47866734,c155m220*,Fine Living - Car Vacuum - Wet and Dry Multi-function,350,40.25,48.3,0,0,7,0,0,0,7,3,0,0,0,3,4,0,0,0,0
202408,49749956,~c65-m145*(,Jamie Oliver - Mini Muffin Tray - 24 Holes,215.71,37.21,48.3,0,4,2,0,0,0,2,6,0,0,0,6,0,0,0,0,6
202408,49772041,c300m420--1-2,Kitchen Set with Lights & Sound,471.07,65.01,54.05,0,2,18,0,0,0,18,14,0,0,0,14,6,0,0,0,0
202408,49966862,C240M350--2,Table Top Pool Table Set (181230),410,61.3,48.3,0,2,0,0,0,1,1,0,0,0,0,0,3,0,0,0,0
202408,50698189,c880m1100-dra-3,21 Piece Stainless Steel Cookware Pot Set - 7 Layer Capsuled Bottom ,1799,310.33,69,0,0,1,0,0,0,1,1,0,0,0,1,0,0,0,0,0
202408,50699913,--c100m180-1-6,Rotating Spin Mop & Bucket with 2 Microfiber Heads - Green,240,22.08,138,0,1,3,0,0,0,3,2,0,0,0,2,2,0,0,0,0
202408,50702526,c150m240--1-c98,Handbag & Belt Rack,510,87.98,48.3,0,1,0,0,0,0,0,0,0,0,0,0,1,0,0,0,0
202408,50804926,c70m150>afriproDNS,Joseph Joseph - EasyStore Bathroom Caddy,176.6,30.46,34.5,0,14,14,0,0,0,14,20,0,0,0,20,8,0,3,0,0
202408,50805702,c100M180.,Joseph Joseph - Drawer Store Compact 2-Tier Knife Organiser,434,74.87,48.3,0,2,0,0,0,0,0,1,0,0,0,1,1,0,0,0,0
202408,51014672,C140M230>>3,Electric Chocolate Melting Pot with Accessories,310,35.65,63.25,0,2,0,0,0,0,0,1,0,0,0,1,1,0,0,0,0
202408,51549456,*C60-M140*,Copper Chef - Bake & Crisp Pan - Large,300,51.75,48.3,0,4,0,0,0,0,0,0,1,0,0,1,3,0,4,0,1
202408,51554095,c450m600*,Dell Inspiron 3421 3521 3537 2521 3449 3445 Battery,650,74.75,48.3,0,2,0,0,0,0,0,0,0,0,0,0,2,0,0,0,0
202408,52030634,C32-95M#,Multi-Coloured Heat Free Roller Set,160,18.4,34.5,0,1,0,0,0,0,0,0,0,0,0,0,1,0,0,0,0
202408,52183202,c87m170**,"19.5V, 3.34A Size Dell Labtop Charger - Big Pin",190,21.85,48.3,0,0,0,0,0,0,0,0,0,0,0,0,0,0,0,1,0
202408,52365777,c48m118-a10-1,Car Vacuum Cleaner - 12v,182.63,21,48.3,0,11,5,0,0,0,5,4,0,0,0,4,12,0,0,0,0
202408,52366589,c110m190-a10-2,Aromatherapy Essential Oil Diffuser & Humidifier,254,29.21,48.3,0,4,1,0,0,0,1,1,0,0,0,1,4,0,0,0,0
202408,52366600,c65--m145-1,Colourful Wheat Straw Cups & 1.6L Kettle - 5 Piece,190,32.78,48.3,0,1,0,0,0,0,0,0,0,0,0,0,1,0,0,0,0
202408,52763793,C85M165-,Luna Magical Night Light,298.33,48.03,48.3,0,1,0,0,0,0,0,0,1,0,0,1,0,0,0,0,0
202408,52943137,c80m2160*1,EHK - Potato & Fruit Press - Silver,210,36.23,48.3,0,2,0,0,0,0,0,0,1,0,0,1,1,0,1,0,0
202408,54857910,c300m420----12,"Battery for HP Compaq DV4, G60, CQ60 & CQ61",472.5,54.34,48.3,0,6,0,0,0,0,0,1,0,0,0,1,5,0,0,0,0
202408,55011930,c80m160*1,USB-C to USB-C/HDMI/USB Port - Silver,200,20.7,48.3,0,5,0,0,0,0,0,2,0,0,0,2,3,0,0,0,0
202408,55026040,c35m105,2.0 HDMI Extender Cat-5e/6 Full HD Supports 2K/4K,129,10.38,48.3,0,3,1,0,0,0,1,3,0,0,0,3,1,0,0,0,0
202408,55154715,~c60-m120-~,Digital to Analog Audio Converter Toslink & Coaxial IN RCA Out,170,17.6,48.3,0,8,0,0,0,0,0,0,7,0,0,7,1,0,5,0,0
202408,55291496,c130m220,Tornado Lamp,270.73,46.7,48.3,0,6,0,0,0,0,0,0,6,0,0,6,0,0,0,0,0
202408,55484510,~c55-m125&^,Rectangular Baking Pan - 8 Cavity,210,36.23,48.3,0,0,0,0,0,0,0,0,0,0,0,0,0,0,0,0,2
202408,55532033,C65M145*3,10 in 1 Baby Care Kit - Blue,175,24.15,34.5,0,5,0,0,0,0,0,0,5,0,0,5,0,0,0,0,0
202408,55645819,c245m355>>6,&Accessories Pest Repeller Solar Powered PIR Motion Sensor,415.2,57.3,48.3,0,5,12,0,0,0,12,10,0,0,0,10,7,0,1,0,0
202408,55705698,~c56-m126^&,Elements Hand Grip Strengthener - Adjustable Spring Resistance (2 pack),230,34.39,48.3,0,3,0,0,0,0,0,0,0,0,0,0,3,0,0,0,0
202408,55706018,~V230-M340,Flip Advanced 4 In 1 Convertible Carrier,420,67.62,34.5,0,4,0,0,0,0,0,0,0,0,0,0,4,0,0,0,0
202408,55929682,C76M145-1--6,15cm Moon Lamp Night Light,195,33.64,48.3,0,1,0,0,0,0,0,0,0,0,0,0,1,0,0,0,0
202408,56001248,-c110--m190-2,Portable Silicone Collapsible Travel Electric Kettle,158,27.26,48.3,0,0,1,0,0,0,1,1,0,0,0,1,0,0,0,0,0
202408,56002969,C235M345-1-YOLEO,Shopping Cart/Trolley-Style Play Set - Pink,384.23,53.02,48.3,0,3,7,0,0,0,7,6,0,0,0,6,4,0,0,0,0
202408,56457841,c70m150-b19-7,"Simple Blender, Smoothie Maker, USB Rechargeable Portable Blender - Blue",215,24.73,63.25,0,12,0,0,0,0,0,0,3,0,0,3,9,0,0,0,0
202408,56865917,c250--m350-1*-2,Nail Dust Collector,420,67.62,34.5,0,0,2,0,0,0,2,1,0,0,0,1,1,0,0,0,0
202408,57507263,~c40-M110*f37,Portable Mini LED Photo Studio Shooting Box - 30cm,171,23.6,48.3,99.1,7,0,1,0,0,1,2,0,0,1,3,5,0,0,0,0
202408,57520356,~C240-m350-bbags,3 Layers Waterproof Makeup Bag Travel Cosmetic Case - Red,403.33,55.66,34.5,0,6,0,0,0,0,0,0,0,0,0,0,6,0,0,0,2
202408,57535945,C32M92#1DNS,Digital LCD Temperature Thermometer Humidity Meter Clock,117.85,13.55,63.25,0,3,8,0,0,2,10,6,0,0,0,6,7,0,0,0,0
202408,57536829,c60-m140-1,COB Solar Power Motion Sensor Wall Light ( Pack 2 ),190,24.04,48.3,0,1,0,0,0,0,0,1,0,0,0,1,0,0,0,0,0
202408,57543483,~c40-m110~ f37,Photo Studio Light Box - Medium (30cm),157.83,18.15,48.3,91.38,11,5,0,0,0,5,8,0,0,1,9,7,0,2,0,0
202408,57584723,c150m240/-2,"4"" Square Led Work Light Bar 27w Driving Pods Flood Beam Work Lamp for 2",310,35.65,48.3,0,1,0,0,0,0,0,0,0,0,0,0,1,0,0,0,0
202408,57585962,c140m230-11,Flexible Movable False Nail Trainning Practice Hand,280,45.08,34.5,0,2,6,0,0,0,6,4,0,0,0,4,4,0,0,0,0
202408,57588104,C50M120/C9898,5m Colour Changing RGB LED Strip Light,162,26.08,48.3,0,3,0,1,0,0,1,0,0,0,0,0,4,0,0,0,0
202408,57684503,~c150-M240*&$3,Car Brake Clutch Pedal Anti Theft Adjustable Security Clamp Lock,350,44.28,48.3,0,3,10,0,0,0,10,5,0,0,0,5,8,0,0,0,0
202408,58029942,c250m350-dra-2,8 Piece Stainless Steel Cookware Set,399.86,68.98,48.3,0,18,3,0,0,0,3,1,0,0,0,1,20,0,0,0,0
202408,58037071,C100M180-1-2,Mini Air Conditioner USB Portable Office Home Desk Personal Cooling Fan,399,45.89,63.25,0,1,1,0,0,0,1,1,0,0,0,1,1,0,0,0,0
202408,58069230,c75-m155-1,Yoga Socks 3 Set - Namaste,270,46.58,48.3,0,1,0,0,0,0,0,1,0,0,0,1,0,0,0,0,0
202408,58154467,c350m480##,"Battery for Acer Aspire 5742G, TravelMate 4370 (AS10D51 & AS10D81)",520,59.8,48.3,0,8,3,0,0,1,4,5,0,0,0,5,7,0,3,0,0
202408,58313883,c140m230*.-1-1,Women Electric Shaver (Rechargeable),260,29.9,34.5,0,2,9,0,0,0,9,6,0,0,0,6,5,0,0,0,0
202408,58316975,c1000m1260-dra,19 Piece High Quality Stainless Steel Cookware Set,1330,229.43,138,0,0,2,0,0,0,2,1,0,0,0,1,1,0,0,0,0
202408,58791801,c300m420/shop,"Battery for HP 240 G2, 250 G3, HP 15-D Series, 15-r Series (740715-001)",501.39,57.66,48.3,0,15,0,0,0,0,0,1,0,0,0,1,14,0,1,2,0
202408,59056885,~C155-M245,DHAO-Multifunction Portable Travel Organizer Charger Cable Storage Bag Case,295,50.89,48.3,0,4,0,0,0,0,0,0,0,0,0,0,4,0,0,0,0
202408,59370929,~C300-m420*_,Iconix PU Leather 3-Layer Crocodile Print Cosmetic Case - Black,592.86,81.81,34.5,0,10,0,0,0,0,0,0,7,0,0,7,3,0,7,0,0
202408,59377569,~C40-M110**7,Synergy360 Photo Studio Light Box - 30 cm,160,22.08,48.3,89.62,20,0,0,0,0,0,0,4,2,1,7,13,0,1,0,0
202408,59381897,C85-M160@@3,DHAO-Mini USB Personal Space Air Cooler Ultra Fan Humidifier Purifier,280,35.42,48.3,0,1,0,0,0,0,0,0,1,0,0,1,0,0,0,0,0
202408,59472838,C130M220*-*-2-b19,Jumbo potato cutter,225.67,38.93,48.3,0,3,2,0,0,0,2,3,0,0,0,3,2,0,0,1,0
202408,59473104,c250m360-c88-2-1-3,Mini Air Hockey Table Tabletop Games for Kids,515,71.07,48.3,0,0,4,0,0,0,4,2,0,0,0,2,2,0,0,0,0
202408,59611380,C140-M220*3,Children Coin Bank-Blue,210,28.98,48.3,0,1,1,0,0,0,1,1,0,0,0,1,1,0,0,0,0
202408,60809092,~c150-M240-~1,Miraculous Ladybug Costume - 36 - 48 months,350,48.3,48.3,0,0,1,0,0,0,1,1,0,0,0,1,0,0,0,0,0
202408,60809093,~c150-M240-~2,Miraculous Ladybug Costume - 5-6 years,350,48.3,48.3,0,2,0,0,0,0,0,0,0,0,0,0,2,0,0,0,0
202408,60809094,~c150-M240-~3,Miraculous Ladybug Costume - 7-8 years,350,48.3,48.3,0,3,0,0,0,0,0,0,0,0,0,0,3,0,0,0,0
202408,61989426,C480M600#15Pc,15 Piece Stainless Steel Cookware Set,649,111.95,48.3,488.75,11,0,0,0,0,0,0,10,0,1,11,0,0,0,0,0
202408,62103296,c50m120m***,DHAO-Kitchen Drawer Organizer Tray For Knives Storage Box Knife Block,170,29.33,48.3,0,2,0,0,0,0,0,0,2,0,0,2,0,0,0,0,0
202408,62218786,c99m179-bella,Large Closet Organizer Storage Bags for Bedding Blankets Clothing-3 - Pack,230,39.68,48.3,142.03,28,0,0,0,0,0,2,0,0,1,3,25,0,0,0,0
202408,62253137,~c120--m210~!111,Large Shopping Trolley Bag Push Tote Foldable Grocery Luggage–Black,290,50.03,63.25,176.73,2,2,0,0,0,2,0,0,0,1,1,3,0,0,0,0
202408,62253334,-c25m95*-*-3,Medium Inflatable Safety Swimming Vest - Yellow,230,31.74,48.3,0,0,2,0,0,0,2,1,0,0,0,1,1,0,0,0,0
202408,63680647,c260m380...1,ZYS- Kids 3 Piece Play Tent with Ball Pit and Hoop – 50 Balls included,550,75.9,48.3,0,0,4,0,0,0,4,3,0,0,0,3,1,0,1,0,0
202408,63685041,~C210-M310-#1,Nuovo - 4-in-1 Nappy Bag Travel Back Pack  Diaper Bag - Red,360,57.96,34.5,0,1,0,0,0,0,0,0,0,0,0,0,1,0,1,0,0
202408,63711948,@C210-M310-!1,Multi-Function Travel Baby Bed & Bag - Pink,450,72.45,34.5,0,1,0,0,0,0,0,0,0,0,0,0,1,0,1,0,0
202408,63720972,c350m468*#*,"Battery for Dell Inspiron 13R, 14R, 15R, N5010, N7010, Vostro 1540 (J1KND)",500,57.5,48.3,0,7,0,0,0,0,0,0,1,0,0,1,6,0,1,0,1
202408,63933969,~c^40-m110-^,5W USB Mosquito Killer Insect  LED UV Light Anti Bug Zapper Trap Lamp,176,28.34,34.5,0,1,0,0,0,0,0,0,0,0,0,0,1,0,1,0,0
202408,64221257,c80m160-b19-2,Reflexology Foot Massage Shoes Black Size: 5,240,27.6,48.3,0,1,3,0,0,0,3,2,0,0,0,2,2,0,0,0,0
202408,65857276,C15M85->>1,Portable Cashmere Lint Remover Clothes Fuzz Fabric Shaver Brush Tool,135,23.29,48.3,0,3,3,0,0,0,3,2,0,0,0,2,4,0,0,0,0
202408,67347729,C40-M110*,USB Mosquito and Fly Killer,149,20.56,48.3,0,4,0,0,0,0,0,0,4,0,0,4,0,0,0,0,0
202408,68689778,~c45--m115..f37,Wooden Baseball Bat,165,22.77,48.3,0,2,0,0,0,0,0,2,0,0,0,2,0,0,0,0,0
202408,68690029,c280m390--113,Adjustable Laptop Desk,300,34.5,48.3,0,3,0,0,0,0,0,0,0,0,0,0,3,0,0,0,0
202408,68713605,c120m210>`11,3 Seater Couch Cover,248.67,42.9,48.3,0,3,0,0,0,0,0,0,0,0,0,0,3,0,0,0,0
202408,69018046,c60m120*8,Upbeat 20L Portable Outdoor Camping Solar Heated Shower Bag,190,32.78,48.3,0,2,0,0,0,0,0,0,0,0,0,0,2,0,0,0,0
202408,71337359,c100m180//c88,Glass Spice Dispenser Bottles,300,51.75,48.3,0,0,3,0,0,0,3,2,0,0,0,2,1,0,0,0,0
202408,71338861,-C140M230*3,3D Printing Pen - Blue,280,38.64,48.3,193.06,3,0,0,0,0,0,0,0,0,1,1,2,0,5,0,0
202408,71338864,-C140M230*1,3D Printing Pen - Purple,280,38.64,48.3,0,5,0,0,0,0,0,0,2,0,0,2,3,0,4,0,0
202408,71467716,250c-m350-1,Solar Lighting System Kit (Black),400,50.6,48.3,0,2,0,0,0,0,0,0,1,0,0,1,1,0,1,0,0
202408,71713372,c140m230-c98/b44-4,Optic Protection Car Cover XL - Grey,276,31.74,48.3,0,1,9,0,0,0,9,4,0,0,0,4,6,0,0,0,0
202408,71795948,C80-210#7,Replacement AC Adapter For HP 450 G6 HP 440 G6,230,31.74,48.3,0,5,0,0,0,0,0,0,0,5,0,5,0,0,0,0,0
202408,71796047,c80m160#**,Replacement Ac Adapter For Dell Inspiron 15 3580,213.7,29.49,48.3,0,1,14,0,0,0,14,9,0,0,0,9,6,0,0,3,1
202408,72010182,~c40-m110-~!,Women's Zip & Clip Corsets Waist Trainer Body Shaper Vest - (Size: XL),180,26.91,48.3,0,1,0,1,0,0,1,1,0,0,0,1,1,0,0,0,1
202408,72082022,$!c100-m180~1,Garden Solar Water Fountain,218,35.1,48.3,0,0,4,0,0,0,4,3,0,0,0,3,1,0,0,0,0
202408,72082023,c80--m-160-3,Round Solar Fountain Solar Powered Floating Fountain Water Fountain Pump Outdoor Garden Pond Pool Decoration,210,33.81,48.3,0,3,0,0,0,0,0,3,0,0,0,3,0,0,0,0,0
202408,72134484,C30-M90,Professional RJ45 RJ 11  LAN USB Cable Tester Networking Tool,146.25,11.77,48.3,0,2,0,0,0,0,0,0,0,0,0,0,2,0,2,0,0
202408,72187454,~C110-m190^)(f37,Totland Peek-A-Boo Singing Elephant - Blue and Grey,250,40.25,34.5,0,0,1,0,0,0,1,1,0,0,0,1,0,0,0,0,0
202408,72400665,c80-160-1,2 Pack Digital Temperature And Humidity Thermometer Indoor Clock,199,34.33,48.3,0,3,5,0,0,0,5,4,0,0,0,4,4,0,0,0,0
202408,72431598,c125m215---1,Solar Sound & Light Alarm Motion Sensor,290,33.35,48.3,0,2,0,0,0,0,0,0,0,0,0,0,2,0,0,0,0
202408,72455890,c70m150-b19-1,Redisson Rechargeable Fruit Blender And Smoothie Maker With USB Port,270,31.05,63.25,0,2,1,0,0,0,1,1,0,0,0,1,2,0,0,0,0
202408,72460747,c250-350-1-@1,Robotic Massage Cushion with Soothing Heat,400,50.6,48.3,0,1,0,0,0,0,0,0,0,0,0,0,1,0,0,0,0
202408,72467399,c230m340--b19-1,Atttw-Frying Pan 5 in 1 Magic Grill Pan Master Pan Non-Stick,360.78,62.23,48.3,0,1,9,0,0,0,9,3,0,0,0,3,7,0,0,0,0
202408,72483666,~c10-m80---,Durag Kings - Durag - White - Genuine Silk,150,20.7,34.5,0,4,0,0,0,0,0,0,0,0,0,0,4,0,0,0,0
202408,72483679,~c10-m80---^`,Durag Kings - Durag - Matte Finish - White,115,15.87,34.5,0,1,0,0,0,0,0,0,0,0,0,0,1,0,0,0,0
202408,72572385,!@C200-M300-1,"Massager of Neck Kneading, Neck Shoulder Massager",350,40.25,48.3,0,5,0,0,0,0,0,0,0,5,0,5,0,0,0,0,1
202408,72845716,~c10-m80---^,Durag Kings - Durag - White - Matte Finish,120,16.56,34.5,0,1,4,0,0,0,4,3,0,0,0,3,2,0,0,0,0
202408,72849104,c150m240-t20-1,24cm Aluminum Non-Stick Frying Pan Stone Marble Coating - Black - 28 cm 24.0 cm,290,50.03,48.3,0,0,2,0,0,0,2,1,0,0,0,1,1,0,0,0,0
202408,72894135,C50M170-3,3 Ports HDMI Switch,220,22.77,48.3,0,1,0,0,0,0,0,0,0,0,0,0,1,0,0,0,0
202408,72923342,C80-M160,USB 3.1 Type-C To HDMI +USB 3.0 +PD Type-C USB Type-C HDMI,217.8,17.53,48.3,151.97,7,0,0,0,0,0,0,0,0,1,1,6,0,7,0,0
202408,72970053,~1c50-m120~!@,Electric Mosquito Zappers USB Rechargeable Mosquito Lamp Insects Killer,170,23.46,48.3,0,1,0,0,0,0,0,1,0,0,0,1,0,0,0,0,0
202408,72979194,c150m240><><2,Face Steamer Pro - Purple,290,46.69,34.5,0,0,1,0,0,0,1,0,0,0,0,0,1,0,0,0,0
202408,73025232,c80m160*2,USB 3.1 Type C to USB 3.0 + HDMI + Type C 3 in 1 Charging Adapter - Silver,199,32.04,48.3,0,9,0,0,0,1,1,4,0,0,0,4,6,0,0,0,0
202408,73607970,C60M140#,Patio Mist Cooling Kit - 10M,170,19.55,63.25,0,1,0,0,0,0,0,0,0,0,0,0,1,0,1,0,0
202408,73750325,C9-m79-)@2,Heel Protector - Anti Crack - Silicone,129,17.8,34.5,0,1,0,0,0,0,0,0,0,0,0,0,1,0,0,0,0
202408,73787755,c75-m190,Vanity mirror lights,239,38.48,34.5,0,4,0,0,0,0,0,0,4,0,0,4,0,0,0,0,0
202408,73830518,c195m295--5,Stainless Steel Pasta Making Machine For Home Purpose - 150 mm,600,69,63.25,0,0,2,1,0,0,3,1,0,0,0,1,2,0,0,0,0
202408,73830596,~^*c30-m100-(),Kitchen Dough/Pastry Cutter Mold,150,25.88,48.3,0,2,3,0,0,0,3,2,0,0,0,2,3,0,0,0,0
202408,73852586,~c250-m360-~111,Optic 5 in 1 retrangular frying pan-Black,450,77.63,48.3,0,1,0,0,0,0,0,0,0,0,0,0,1,0,0,0,0
202408,73855268,c400m540..-8,Amazing Makeup Kits with LED Light,550,88.55,34.5,0,0,2,0,0,0,2,1,0,0,0,1,1,0,0,0,0
202408,73858213,c140-m230-..,Spray and Splash Kids Outdoor Garden Sprinkle Mat Water Toy - 1.72m,280,38.64,48.3,0,3,0,0,0,0,0,0,3,0,0,3,0,0,0,0,0
202408,73899887,"c50m120*1Dl;,[p]",Audio Converter Digital to Analog,178.81,18.51,48.3,0,5,16,0,0,1,17,14,0,0,0,14,8,0,3,2,0
202408,73901248,c150m240..--1,Intelligent Hula Hoop,320,47.84,48.3,0,4,0,0,0,0,0,0,0,0,0,0,4,0,0,0,0
202408,73901655,c180--m280**,Set Of 4 Mini Salt & Pepper Grinders,320,55.2,48.3,0,3,0,0,0,0,0,0,3,0,0,3,0,0,0,0,0
202408,73901925,c120m210>6,Hanging Scale 100kg,500,86.25,48.3,0,2,0,0,0,0,0,0,0,0,0,0,2,0,2,0,0
202408,73939140,C140M230*-4,"Relax & Spin Tone Slimming, Toning and Relaxing Massager",275.09,41.13,48.3,0,9,11,0,0,2,13,11,0,0,0,11,11,0,0,0,0
202408,73940899,9902156819813,"4 Piece Decadent Glass Jar Canisters - Coffee, Sugar, Tea and Pasta Storage - White / Transparent",260,44.85,48.3,0,4,0,0,0,0,0,0,0,0,0,0,4,0,0,0,0
202408,73943883,C200M300#*,Neck and Shoulder Shiatsu Kneading  Massager,380,43.7,34.5,0,3,0,0,0,0,0,0,0,0,0,0,3,0,0,0,0
202408,73985064,~c90-m170*%,Fine Living Defrost Tray - Medium,173,19.9,63.25,0,2,2,0,0,0,2,2,0,0,0,2,2,0,0,0,0
202408,74001308,c48m115--1,Sink Tidy Set Kitchen Utensils Dishes Cleaning Brush with Sponge Holder,164,28.29,34.5,0,2,0,0,0,0,0,0,1,0,0,1,1,0,0,0,0
202408,74008968,~c55-m125^^^^^,Sparkly Pink Muffin Tray 12 Cup Non-Stick,175,30.19,48.3,0,1,0,0,0,0,0,1,0,0,0,1,0,0,0,0,0
202408,74043963,~C45-M115~!,Zatech Converter AV2 HDMI,200,20.7,48.3,0,4,0,0,0,0,0,0,0,0,0,0,4,0,0,0,0
202408,74058476,~C140-230_1,4 Piece Broad Glass Condiment set in Polished Steel with Metal Rack & Scoops,277,47.78,48.3,0,2,0,1,0,0,1,0,0,0,0,0,3,0,0,0,0
202408,74105677,C80M160#1,"USB C to HDMI Adapter, USB 3.1 Type-C Hub to HDMI",219,17.63,48.3,0,1,0,0,0,0,0,0,1,0,0,1,0,0,1,0,0
202408,74199022,~c15-m85()--,Waterproof Silicon Shoe Cover - Black,150,25.88,48.3,0,0,2,0,0,0,2,0,0,0,0,0,2,0,0,0,0
202408,74201298,c145m225-1,45W Type-C Power AC Adapter Charger - Black,290,33.35,48.3,0,0,11,0,0,0,11,5,0,0,0,5,6,0,0,0,0
202408,74201576,~C110-m190!@,Jack Brown Music Singing Elephant Plush Toy - Pink and Grey,240,38.64,34.5,0,4,0,0,0,0,0,2,0,0,0,2,2,0,0,0,0
202408,74214287,C220M320>>1,RKG - USB 3.0 Ultra Portable External  DVD Drive/Writer/Burner  (Black),470,54.05,48.3,0,0,2,0,0,0,2,0,0,0,0,0,2,0,0,0,0
202408,74258052,c135m225-b44-2,Motion Lava Lamp Pink - H 40.5cm,309,53.3,48.3,0,3,3,0,0,0,3,2,0,0,0,2,4,0,0,0,0
202408,74262702,~*c110-190_1,"1080P Kids Camera with Microphone and 2"" Screen - Pink",236,32.57,48.3,0,0,1,0,0,0,1,1,0,0,0,1,0,0,0,0,0
202408,74267947,C45-M115-1,Mini Pocket Calibration 200G Digital Scale,193,33.29,48.3,0,4,0,0,0,0,0,0,0,0,0,0,4,0,0,0,0
202408,74280059,c240-m340-1,Maisonware 7 Airtight Pantry Food Storage Containers with Easy Lock Lids,500,86.25,48.3,0,6,0,0,0,0,0,1,0,0,0,1,5,0,0,0,0
202408,74280084,"c140,m230-b44",Motion Lava Lamp - H 40.5cm - Blue,315,54.34,48.3,0,3,3,0,0,0,3,3,0,0,0,3,3,0,0,0,0
202408,74281474,c320-m440-!b19dns,8PCS 100 LED Outdoor Solar Powered Light With Motion Sensor,476.58,54.81,48.3,0,7,10,0,0,0,10,9,0,0,0,9,8,0,0,0,0
202408,74282054,200-m300-==~$,Design Women Fashion Clutches Evening Bags-Silver,350,60.38,48.3,0,1,12,0,0,1,13,8,0,0,0,8,6,0,0,0,0
202408,74337626,c300m420>><!,LED Solar Powered LED Wall Light with Night sensor Pack Of 10,470,54.05,48.3,0,2,2,0,0,0,2,2,0,0,0,2,2,0,0,0,0
202408,74403585,C50M120-2-,Beauty Body Mobile Gym Smart Fitness Ems Fit Boot Toning,157,23.47,48.3,0,1,0,0,0,0,0,1,0,0,0,1,0,0,0,0,0
202408,74404371,c165m260--1,1000X Zoom 3 in 1 1080P HD USB Digital Microscope Magnifier,350,28.18,48.3,0,0,1,0,0,0,1,1,0,0,0,1,0,0,0,0,0
202408,74404445,C80-160M,3D Moon Lamp,215,34.62,34.5,0,9,0,0,0,0,0,2,0,0,0,2,7,0,4,0,0
202408,74421012,C180-M270-2,Popcorn machine MJ,320,36.8,63.25,0,1,0,0,0,0,0,0,1,0,0,1,0,0,0,0,0
202408,74425436,~c170-m270__,Fascial Gun Massage & Recovery Device Black,330,41.75,48.3,0,1,0,0,0,0,0,0,0,0,0,0,1,0,0,0,0
202408,74469305,c70m150-b19-9,380ml Portable Juicer Blender 6 Blades Rechargeable - Blue,155,17.83,63.25,0,1,0,0,0,0,0,0,0,0,0,0,1,0,0,0,0
202408,74470773,~C10-m80-~2 f26-,Swim Cap Silicone - Red - Unisex,115,19.84,48.3,0,0,1,0,0,0,1,0,0,0,0,0,1,0,0,0,0
202408,74471907,c190m290c98-2,Electric Spin Scrubber Surface Cleaner,444.5,40.89,23,0,0,3,0,0,0,3,2,0,0,0,2,1,0,0,0,0
202408,74490364,C220M310*,Portable 1080P USB 3.0 To HDMI VGA Adapter-Black,407,32.76,48.3,0,4,0,0,0,2,2,0,0,0,0,0,6,0,0,0,0
202408,74550207,~c70-M150_!1,Kids Make Up Set,227.27,31.36,48.3,0,2,9,0,0,0,9,5,0,0,0,5,6,0,0,0,0
202408,74553940,C290M400,Outdoor Solar Powered  Security Alarm Lamp With Motion Detector -Q-A223,470.71,54.13,48.3,0,0,1,0,0,0,1,0,0,0,0,0,1,0,0,0,0
202408,74554147,!Cc55-m125%1,Ultrasonic Aroma Air Humidifier With Color Changing Led Light,170,21.51,48.3,100.2,4,0,0,0,0,0,0,0,0,1,1,3,0,0,0,0
202408,74628741,c290m370#11,Cutlery Set 24 Piece Gold & Black Square Handle,650,112.13,48.3,0,2,0,0,0,0,0,0,0,0,0,0,2,0,0,0,0
202408,74629580,c245m390>>3,Solar Pest Repeller With PIR Motion Sensor,395,45.43,48.3,0,11,0,0,0,0,0,0,3,0,0,3,8,0,7,0,0
202408,74637896,C45-m115^&,Flameless Candles Battery Operated LED Candle Sets With Remote Control,160,27.6,48.3,0,0,0,0,0,0,0,0,0,0,0,0,0,0,0,0,1
202408,74691598,C20M90#1,Stainless Steel Garlic Crusher,138,23.81,48.3,0,1,0,0,0,0,0,0,1,0,0,1,0,0,0,0,0
202408,74712345,c75m155-1-6,Collapsible 10L Multi-Purpose Bucket,220,20.24,23,0,6,0,0,0,0,0,0,3,0,0,3,3,0,3,0,0
202408,74712798,.C100M180-3,Mini HD Kids Digital Camera With 2.0 Inch Screen - Pink,265,36.57,48.3,0,2,0,0,0,0,0,0,0,0,0,0,2,0,0,0,0
202408,74715436,~c30-m100-~!,6 Shot Glass Dispenser And Holder Liquor Dispenser for Home Party - Blue,140,24.15,48.3,0,1,0,0,0,0,0,0,0,0,0,0,1,0,0,0,0
202408,74750734,~c95-m175_(*,Garden Hose Pipe 15m with Fittings,235,37.84,48.3,0,6,0,0,0,0,0,0,0,0,0,0,6,0,0,0,0
202408,74757420,c195m295-1,Solar Alarm Lamp Remote Controller Q-L911C,350,40.25,48.3,0,1,0,0,0,0,0,0,0,0,0,0,1,0,0,0,0
202408,74816046,C230-M340,Dual IDE SATA HDD Docking Station,455.67,62.88,48.3,0,3,1,0,0,0,1,2,0,0,0,2,2,0,0,0,0
202408,74862215,C500M660--1,Solar Alarm Lamp Outdoor PIR Motion Sensor 4 Piece,720,82.8,48.3,0,6,0,0,0,0,0,0,0,0,0,0,6,0,0,0,0
202408,74863281,C230-M340-1,Multi-Function HDD Docking Station SATA Hard Disk Base,416.25,47.87,48.3,0,0,6,0,0,0,6,4,0,0,0,4,2,0,0,0,0
202408,74919397,C140M220*6,Kida ATM Password Finger Print Bank Blue - Pink / White - 8-9 years 6-12 years,270,37.26,48.3,0,5,0,0,0,0,0,0,4,0,0,4,1,0,1,0,0
202408,74962201,C320M440--3,Bicycle Popcorn machine,696,80.04,63.25,0,1,0,0,0,0,0,0,1,0,0,1,0,0,0,0,0
202408,74967240,%#c35-m105_+!,"Portable Smoothie Blender, Juicer Food Processor USB Rechargeable - Green",155,17.83,63.25,0,3,0,0,0,0,0,0,1,0,0,1,2,0,1,0,0
202408,74967241,c70m150-b19-8,"Portable Smoothie Blender, Juicer Food Processor USB Rechargeable - Blue",161.43,18.56,63.25,0,6,0,0,0,0,0,0,0,0,0,0,6,0,6,0,0
202408,74967243,~C*35-m105^%,"Portable Smoothie Blender, Juicer Food Processor USB Rechargeable - Pink",200,23,63.25,0,2,0,0,0,0,0,0,1,0,0,1,1,0,1,0,0
202408,74969865,C90-M140#,Dry Food Dispenser Cereal Container Storage Set (Black),285.5,49.25,48.3,0,2,0,0,0,0,0,0,0,0,0,0,2,0,0,0,0
202408,75040932,~c150-m240-!`,Non- Stick Versatile Frying Pan - 7 Cups,290,50.03,48.3,0,1,0,0,0,0,0,1,0,0,0,1,0,0,0,0,0
202408,75042311,~c220-m330_!`,Children's Toilet Baby Folding Potty Training Seat-Pink,400,64.4,34.5,0,2,0,0,0,0,0,0,0,0,0,0,2,0,0,0,0
202408,75042856,~c230-m340(_),LED Digital Calendar Wall Clock With Temperature Display,400,69,48.3,0,1,0,0,0,0,0,0,0,0,0,0,1,0,1,0,0
202408,75043722,~%c230-340-=~^&,LED Digital Calendar Wall Clock with Temperature Display - Red,400,69,48.3,0,3,0,0,0,0,0,0,0,0,0,0,3,0,3,0,0
202408,75049355,c110m180-1--1,Smart Wine and Corkscrew Opener,270,46.58,48.3,0,3,0,0,0,0,0,3,0,0,0,3,0,0,0,0,0
202408,75092622,C160M250//C98*1,150mm Detachable Stainless Steel Manual Pasta Machine,313.55,36.06,63.25,0,4,3,0,0,0,3,5,0,0,0,5,2,0,0,1,0
202408,75093909,C100-M180#0*,Cute Kids Camera with Video Capabilities - Includes a 32GB Memory Card - Powder Blue,287,39.61,48.3,0,0,2,0,0,0,2,2,0,0,0,2,0,0,0,0,0
202408,75093911,C100-M180#0****,Cute Kids Camera with Video Capabilities - Includes a 32GB Memory Card - Mint Green,287,39.61,48.3,0,0,3,0,0,0,3,3,0,0,0,3,0,0,0,0,0
202408,75096596,c220m330*^0,Automatic 90W Vacuum Sealing Machine,380,43.7,63.25,0,3,0,0,0,0,0,0,3,0,0,3,0,0,0,0,0
202408,75100977,9902157167555,DH - Ice-Cream Tent House With 50 Balls,350,56.35,34.5,0,2,0,0,0,0,0,0,0,0,0,0,2,0,0,0,0
202408,75139101,c205m305-1,Xbox - One Wired Controller Video Game Q-T14,426.67,49.07,48.3,0,3,4,0,0,0,4,3,0,0,0,3,4,0,0,0,0
202408,75144727,c15--m85-1,Flexible Grabber Claw,180,22.77,48.3,108.93,1,2,0,0,0,2,1,0,0,1,2,1,0,0,0,0
202408,75147442,c140m230*3,Leg Ramp,252,43.47,48.3,0,2,1,0,0,0,1,1,0,0,0,1,2,0,2,0,0
202408,75147914,~c125-m215~1,Maisonware Mini Portable USB Desktop Air Conditioner,270,31.05,63.25,0,1,0,0,0,0,0,0,0,0,0,0,1,0,0,0,0
202408,75194007,~c30-m100*(,Bar Liquor Shot Pourer for 6,140,24.15,48.3,0,1,0,0,0,0,0,0,0,0,0,0,1,0,0,0,0
202408,75201616,-c120m210>1-,"Candy Dish, Rotating Snack Tray, Double-Deck Snack -Pink",260,41.86,48.3,0,1,0,0,0,0,0,0,0,0,0,0,1,0,0,0,0
202408,75202281,-c-120--m210-1,Aquarium Wave Maker 15W Circulation Pump,330,37.95,34.5,0,0,0,1,0,0,1,0,0,0,0,0,1,0,0,0,0
202408,75202544,c270m370#6,Stainless Steel Cutlery Set Dinnerware 24 Pieces - White,429,74,48.3,0,1,0,0,0,0,0,0,0,0,0,0,1,0,0,0,0
202408,75202553,c200m300-2>>,Shoulder Body Back Massager Car/Home Massage Machine,350,44.28,48.3,514.85,12,0,0,0,0,0,0,10,0,2,12,0,0,0,0,0
202408,75208088,c110m190---5,Safe Slicer 5 In 1 Vegetable Slicer,370,63.83,48.3,0,4,0,0,0,0,0,0,0,0,0,0,4,0,3,0,0
202408,75249826,c45-m115-.--12-2,Waist Training Corset Slimming Belt - Pink - M Women,189,32.6,48.3,0,1,1,0,0,0,1,1,0,0,0,1,1,0,0,0,0
202408,75249827,c45-m115-.--12-4,Waist Training Corset Slimming Belt - Pink - L Women,175.78,30.32,48.3,97.16,3,8,0,0,0,8,6,0,0,1,7,4,0,0,0,0
202408,75249828,c45-m115-.--12-5,Waist Training Corset Slimming Belt - Pink - XL Women,184.25,31.78,48.3,0,1,2,0,0,0,2,1,0,0,0,1,2,0,1,0,0
202408,75249829,c45-m115-.--12-6,Waist Training Corset Slimming Belt - Pink - 2XL Women,189,32.6,48.3,0,0,1,0,0,0,1,1,0,0,0,1,0,0,0,0,0
202408,75249830,c45-m115-.--12-7,Waist Training Corset Slimming Belt - Pink - 3XL Women,189,32.6,48.3,0,1,0,0,0,0,0,0,0,0,0,0,1,0,0,0,0
202408,75250318,c100-m180-dra,Spice Jars - Set of 3,300,51.75,48.3,0,1,0,0,0,1,1,0,0,0,0,0,2,0,0,0,0
202408,75252196,!C75-m155*****,Clock - Vintage Style - Alarm Clock - Desk Clock - Light Pink,210,36.23,48.3,0,0,7,0,0,0,7,5,0,0,0,5,2,0,0,0,0
202408,75252988,c100m*180,Elephant Plush pillow - Elephant Plush pillow (Grey) - 0 - 2 months,248,39.93,34.5,0,2,1,0,0,0,1,1,0,0,0,1,2,0,0,0,0
202408,75254095,c195m290**-1,Vibro Shape Slimming Belt-IGIA,340.89,39.2,34.5,0,3,4,0,0,1,5,6,0,0,0,6,2,0,0,0,0
202408,75254834,C80M150*1,Salt and Pepper Grinder,210,36.23,48.3,0,1,0,0,0,0,0,0,0,0,0,0,1,0,0,0,0
202408,75258590,c150m290-1-,Mini Car Vacuum Cleaner,350,40.25,63.25,0,1,0,0,0,0,0,0,0,0,0,0,1,0,0,0,0
202408,75302736,~C30-m100-~#@23,Waist Training Corset Double Strap and Zip Waist Shaper Black Waist Trainer - Black - Unisex M,160,27.6,48.3,0,2,0,0,0,0,0,1,0,0,0,1,1,0,0,0,1
202408,75303412,c135m225-b44/B52,Motion Lava Lamp - Red,292.71,50.49,48.3,0,3,4,0,0,0,4,5,0,0,0,5,2,0,0,0,0
202408,75303628,C87-M160#2,Brand new replacement 90W Charger for HP Laptop,220,25.3,48.3,0,0,2,2,0,0,4,1,0,0,0,1,3,0,0,0,0
202408,75305709,c280m400**#,Folding Baby Bath for Newborn Baby Tub with Thermometer - Pink,399,64.24,34.5,0,1,0,0,0,0,0,0,0,0,0,0,1,0,0,0,0
202408,75307366,c58-m130-1,Couch Cover - Single,189,21.74,48.3,0,1,0,0,0,0,0,0,0,0,0,0,1,0,0,0,0
202408,75307821,~*c230-m340-~#,Digital Wall Clock with Calander,400,69,48.3,0,1,0,0,0,0,0,0,0,0,0,0,1,0,0,0,0
202408,75308599,c245m390>>1,Solar Pest Repeller NY-2002,412.13,56.87,48.3,0,9,0,0,0,0,0,0,4,0,0,4,5,0,5,0,0
202408,75310385,c280m400/c104,Stand & Work Adjustable Laptop Desk With Mountable Mouse Tray,450,72.45,48.3,0,3,0,0,0,0,0,0,0,0,0,0,3,0,0,0,0
202408,75312777,c65m145-10,Waist Twisting & Healthy Massage Disc Fitness Figure Trimmer,200,29.9,48.3,0,3,0,0,0,0,0,0,0,0,0,0,3,0,0,0,0
202408,75359374,c280m400#DNS,24 Piece Stainless Steel Cutlery Set - Black & Gold,420,72.45,48.3,0,4,0,0,0,0,0,1,0,0,0,1,3,0,0,0,0
202408,75363128,c235m345-6,Set of 3 Clear Glass Storage Jars with Bamboo Lids,485,83.66,48.3,0,2,0,0,0,0,0,0,0,0,0,0,2,0,2,0,0
202408,75370225,c150m240><><4,Professional Facial Steamer BY-1078 - Purple,280,38.64,34.5,0,0,1,0,0,0,1,1,0,0,0,1,0,0,0,0,0
202408,75370992,9902156820895,"Set of 3 Sugar, Tea, and Coffee Round Glass Jar Container Stainless Steel - Silver",270,46.58,48.3,0,1,0,0,0,0,0,0,0,0,0,0,1,0,0,0,0
202408,75373183,c40m110.,Elastic Triangle Non-Slip Bed Sheet Holder Straps - 4Packs,180,31.05,48.3,0,4,0,0,0,0,0,0,4,0,0,4,0,0,0,0,0
202408,75407570,c80m160-f11,Stainless Steel Sink Colander Rectangular Drain Strainer - Silver - 37 cm,213,36.74,48.3,0,2,3,0,0,0,3,2,0,0,0,2,3,0,0,0,0
202408,75410632,C90M170-1-1B44,Digital Food Thermometer - 3Packs,248.33,42.84,48.3,0,3,1,0,0,0,1,1,0,0,0,1,3,0,0,0,0
202408,75411127,c160m250.-1,4PCS 100 LED Solar Powered PIR Wall Light With Motion Sensor-CL-100,290,33.35,63.25,0,5,0,0,0,0,0,0,5,0,0,5,0,0,0,0,0
202408,75411611,c330m440/b52--1dns,Safety Bed Lattice Railing – Classic - For Toddlers (Pink),581.43,93.61,34.5,0,9,0,0,0,0,0,3,0,0,0,3,6,0,0,0,0
202408,75415142,c120m210..->c104,Roadside Emergency Kit (All you need for your car),360,41.4,48.3,0,8,0,0,0,0,0,0,0,0,0,0,8,0,0,0,0
202408,75416552,-~C300-420--m-3b44,Studio Recording Microphone Kit With V8 Sound Card,533.33,73.6,48.3,0,2,0,0,0,0,0,1,0,0,0,1,1,0,0,0,0
202408,75417138,c54m124-bella-1,Stainless Steel Potato Masher,176.67,30.48,48.3,97.89,19,2,0,0,0,2,4,0,0,1,5,16,0,0,0,0
202408,75418778,c60-m140-1*@14,Petal-Shape Rotating Snack Box candy Tray food Organizer-Blue,208,35.88,48.3,0,1,0,0,0,0,0,0,0,0,0,0,1,0,0,0,0
202408,75458838,c54m124-bella-2,Stainless Steel Hand Held Potato Masher,227,39.16,48.3,0,2,0,0,0,0,0,0,0,0,0,0,2,0,0,0,0
202408,75469208,c120-m210-`2,Orthopedic Design Pure Posture Seat Cushion for Office Home: Relive Pain,307.1,35.32,48.3,0,10,1,0,0,0,1,5,0,0,0,5,6,0,0,0,0
202408,75470354,c55-m120-1,USB Aroma Humidifier Diffuser with 7 Colors LED Light,200,25.3,48.3,0,3,0,0,0,0,0,0,0,0,0,0,3,0,0,0,0
202408,75470403,c210m310/c104/c98,Foldable Computer Table Adjustable Portable Laptop Desk-TableMate2,548.83,75.74,48.3,0,7,0,0,0,0,0,1,0,0,0,1,6,0,0,0,0
202408,75518691,c185m285--1.,Set of 3 Transparent Bottle Storage Sealed Tank Cork Glass Jars,360,62.1,48.3,0,8,1,0,0,0,1,7,0,0,0,7,2,0,0,0,0
202408,75551835,C103M185--7,Multifunctional Adjustable Home Appliance Base Trolley - 3317,350,40.25,48.3,0,1,0,0,0,0,0,0,0,0,0,0,1,0,1,0,0
202408,75606434,C199-m300-2,EcoChef 12 Piece Kitchen Utensil Set with Wooden Handle - Mint Green,334.4,57.68,48.3,0,5,0,0,0,0,0,0,0,0,0,0,5,0,0,0,0
202408,75606436,c190m290/f11,EcoChef 12 Piece Kitchen Utensil Set with Wooden Handle - Black,281,48.47,48.3,0,1,3,0,0,0,3,3,0,0,0,3,1,0,0,0,0
202408,75616013,-C140M230--5,"Kids 3D printing pen with LED display. 3D doodler, Drawing printer pen - Sky Blue - 6 years",330,45.54,48.3,0,9,0,0,0,0,0,0,5,0,0,5,4,0,5,0,0
202408,75619756,c280m390--9,Adjustable Laptop Desk,550,63.25,48.3,0,1,0,0,0,0,0,0,0,0,0,0,1,0,1,0,0
202408,75621349,c61m145.1,DH - Set Of 3 Round Springform Cake Baking Tin,195,33.64,48.3,0,1,0,0,0,0,0,0,0,0,0,0,1,0,1,0,0
202408,75621470,c75m155-1-3DNS,Portable Collapsible Water Bucket,220,20.24,23,0,0,4,0,0,0,4,3,0,0,0,3,1,0,0,0,0
202408,75653790,C150M-240#02,Car and Home Massage Thermotherapy Pillow,288.4,33.17,34.5,0,1,0,0,0,0,0,0,1,0,0,1,0,0,0,0,0
202408,75655635,c120m210*4*,Automatic Hand Sanitizer Dispenser with Infrared Sensor,380,65.55,34.5,0,1,0,0,0,0,0,1,0,0,0,1,0,0,0,0,1
202408,75666697,~c170-m270_=,Fascial Massage Gun FH-320/ 6 levels vibrations,380,56.81,48.3,0,1,0,0,0,0,0,0,0,0,0,0,1,0,0,0,0
202408,75677266,c185-/285*#11,Rotating Spice Carousel With 16 Jars For Home And Kitchen -C08-R16S,280,48.3,48.3,0,2,0,0,0,0,0,0,0,0,0,0,2,0,0,0,0
202408,75681965,c280m390--7,Portable Adjustable Laptop Desk,550,56.93,48.3,0,0,3,0,0,0,3,3,0,0,0,3,0,0,0,0,0
202408,75684208,C110-M180*,8 Watt Mobile Phone Charging Solar Panel GD-100,230,26.45,63.25,0,3,0,0,0,0,0,0,0,0,0,0,3,0,3,0,0
202408,75689002,c140-m230--c98-2,Dmart Diamond Tester Tool,300,34.5,48.3,0,1,0,0,0,0,0,0,0,0,0,0,1,0,0,0,0
202408,75689107,!C55-M125-*,LED Ultrasonic Wood Pattern Round Shaped Oil Diffuser and Aroma Humidifier,275,34.79,48.3,0,4,0,0,0,0,0,1,0,0,0,1,3,0,0,0,0
202408,75689716,c300m420-b19,2 in 1 Electrical Barbecue Hotpot,550,63.25,63.25,0,4,0,0,0,0,0,0,0,0,0,0,4,0,0,0,0
202408,75689788,c130m220-b19-6,Electric Balloon Pump 73005,212.5,29.33,48.3,0,0,2,0,0,0,2,2,0,0,0,2,0,0,0,0,0
202408,75696413,c300m420----1,Replacement Acer Aspire 4741G 5742G 5800 AS10D41 AS10D51 AS10D71 Battery,508.69,58.5,48.3,0,16,22,1,0,0,23,25,0,0,0,25,14,0,1,1,0
202408,75697562,c120m210-*-1,Sherpa Oversize Wearable Blanket Jacket With Hoodie And Kangaroo Pocket,300,51.75,48.3,0,1,0,0,0,0,0,0,0,0,0,0,1,0,0,0,0
202408,75697645,~c120-m210-+~`11 c88,Gb 4 in 1 Non Sticky Pan,260,44.85,48.3,0,0,3,0,0,0,3,2,0,0,0,2,1,0,0,0,0
202408,75706184,C65M145*2,10 in 1 Baby Care Kit - Pink,175,24.15,34.5,0,7,0,0,0,0,0,0,7,0,0,7,0,0,0,0,0
202408,75709904,~c40-m110~~,Waist Trainer Corset - Large,160,27.6,48.3,0,2,0,0,0,0,0,0,0,0,0,0,2,0,0,0,0
202408,75711651,!c110-m190*1+-,Portable Neck Massager For Pain Relief-HX-5880,180,22.77,48.3,0,0,1,0,0,0,1,1,0,0,0,1,0,0,0,0,0
202408,75716315,c130m220-b19-2,Electric Balloon Pump Inflator,205,28.29,48.3,0,1,0,0,0,0,0,1,0,0,0,1,0,0,0,0,0
202408,75719634,c140-m230--c98-3,Portable Digital Diamond Gemstone Selector Tester-RN-52,298.25,34.3,48.3,215.65,5,0,0,0,0,0,2,0,0,1,3,2,0,0,0,0
202408,75722790,c120-m210-`5,Pressure Relieving Portable Seat Cushion,260,29.9,48.3,0,2,1,0,0,0,1,1,0,0,0,1,2,0,0,0,0
202408,75739390,c140m230*.-1,Hair Removal Epilator-Rechargeable,288,33.12,34.5,220.38,1,0,0,0,0,0,0,0,0,1,1,0,0,1,0,0
202408,75750154,c85m165--c104,"Talking Tom Singing, Speaking, Story Teller Toy",200.65,27.69,48.3,0,7,3,0,0,0,3,2,0,0,0,2,8,0,0,0,0
202408,75834896,C480M600-1,15 Piece Stainless Steel Encapsulated Bottom Cookware Set -Polished Finish,650,112.13,48.3,0,1,0,0,0,0,0,0,1,0,0,1,0,0,0,0,0
202408,75840121,c88m180-1,CL-977T Solar Monitoring Light / Lamp Dummy Camera 200w,250,43.13,48.3,0,1,0,0,0,0,0,0,0,0,0,0,1,0,0,0,0
202408,75849546,c580-m750*,Solar Motion Sensor Alarm - 4 Pack,930,106.95,63.25,0,3,0,0,0,0,0,0,3,0,0,3,0,0,0,0,0
202408,75849943,c100m180-c88-1-5,3-in-1 Non-Stick Cooking Pot / Fryer with Basket and Lid,230,39.68,48.3,0,0,2,0,0,0,2,1,0,0,0,1,1,0,0,0,0
202408,75855390,C320M440--6,Bicycle popcorn machine,687.33,79.04,63.25,0,4,0,0,0,0,0,0,3,0,0,3,1,0,1,0,0
202408,75857928,c360-m490-1-b44,100 LED Solar Motion Wall Light - 9 Pack,600,69,63.25,0,3,0,0,0,0,0,0,0,0,0,0,3,0,0,0,0
202408,75941423,!c110-m190*1,Cervical Vertebra Physiotherapy Neck Massager GG-Q-T151,236,27.14,34.5,0,0,1,0,0,0,1,1,0,0,0,1,0,0,0,0,0
202408,75942843,-C120M210-2,"Hoodie, Ultra Plush Blanket, One Size fit all – Black",322.14,55.57,48.3,0,4,3,0,0,0,3,1,0,0,0,1,6,0,0,0,0
202408,75943493,-C140M230--1,3D printing pen with a silicone mat and finger protectors - Sky Bue,300,41.4,48.3,0,1,0,0,0,0,0,0,0,0,0,0,1,0,0,0,0
202408,75957616,c200m300*1*,Outdoor charging waterproof flashlight hand-held strong light searchlight,490,84.53,48.3,0,1,0,0,0,0,0,0,0,0,0,0,1,0,0,0,0
202408,75958488,c140m280-3-,Express Puppy Dog Toilet Training Kit-Puppy Potty Pad,350,40.25,34.5,0,5,0,0,0,0,0,0,0,0,0,0,5,0,0,0,0
202408,76019166,C75M155,6 Piece Stainless Steel Kitchen Knife Set Colorful Sharp Blade IB-3,170,29.33,48.3,0,1,0,0,0,0,0,0,1,0,0,1,0,0,0,0,0
202408,76025175,c100m210--1-,Non-Stick Springform Cake Baking Tin Set - 3 Piece (18/20/22cm),270,46.58,48.3,0,1,0,0,0,0,0,0,0,0,0,0,1,0,1,0,0
202408,76028759,c42m112-b19-5,Baby Shark Soft Singing Light Up Plush Toy - Blue,210,28.98,48.3,0,4,0,0,0,0,0,1,0,0,0,1,3,0,2,0,0
202408,76029009,C50M120--4,Smart Fitness EMS Mobile Gym,154,23.02,48.3,0,1,0,0,0,0,0,0,0,0,0,0,1,0,0,0,0
202408,76029062,C190M290-4.,Super 7 speed Electric Hand Mixer With Stainless Bowl,345.25,59.56,48.3,0,1,24,0,0,2,26,14,0,0,0,14,13,0,1,0,0
202408,76033188,C195M290--4,Police Car ATM Bank- Black,350,48.3,48.3,0,3,1,0,0,0,1,1,0,0,0,1,3,0,0,0,0
202408,76048448,-c75-m155-4,Car LED Spot Light Working Light Square 27W,130,14.95,48.3,0,2,0,0,0,0,0,2,0,0,0,2,0,0,0,0,0
202408,76054302,~C130-m220-!~!@~,Sherpa Oversize Wearable Blanket Jacket - Kids - Blue - 6-12 years,270,46.58,48.3,0,11,0,0,0,0,0,1,0,0,0,1,10,0,0,0,0
202408,76054316,c120m210/c104**,Sherpa Oversize Wearable Blanket Jacket - Kids - Black - 6-12 years,270,46.58,48.3,350.25,9,0,0,0,0,0,1,0,0,2,3,6,0,0,0,0
202408,76099404,C195M290-2,Kids Piggy Bank Armor Car Truck - Black,390,53.82,48.3,0,1,1,0,0,0,1,1,0,0,0,1,1,0,0,0,0
202408,76116606,~C34-M-104=,Spice/ Seasoning Organizer 6 Piece Set,154,26.57,48.3,0,2,2,0,0,0,2,2,0,0,0,2,2,0,0,0,0
202408,76117462,C220m320#4--1,Pop-Up Mobile USB DVD-RW External Drive Q-T96,450,41.4,48.3,0,1,0,0,0,0,0,0,0,0,0,0,1,0,0,0,0
202408,76120818,~C32-m102-_+`,Corkscrew Opener Winged Matt Stainless Steel Dh1506,145,25.01,48.3,0,2,1,0,0,0,1,0,0,0,0,0,3,0,0,0,0
202408,76123703,c70m150----2,Portable Electric Rechargeable Juicer Bottle Fruit Smoothie Maker Cup - Green,155,17.83,63.25,0,4,0,0,0,0,0,0,1,0,0,1,3,0,3,1,0
202408,76151725,~!c155-245_1,Travel Organizer Cosmetic Make Up Bag - Sl29728 - Grey,285,49.16,48.3,0,1,0,0,0,0,0,0,0,0,0,0,1,0,1,0,0
202408,76195419,c170m270-.-2,U-Shaped Full Body Pregnancy Pillow - Grey,273,37.67,34.5,0,0,2,0,0,0,2,1,0,0,0,1,1,0,0,0,0
202408,76254064,c100-m-230-9,Portable Foldable Laptop Stand Desk for Bed & Sofa,291.67,33.54,63.25,0,2,3,0,0,0,3,3,0,0,0,3,2,0,0,0,0
202408,76285429,c170m270-.-1,Pregnancy U-Shaped Full Body Pillow - Grey,400,55.2,34.5,0,2,0,0,0,0,0,0,0,0,0,0,2,0,2,0,0
202408,76285899,C900M1140-13,7 Piece Cast Iron Dutch Oven Cookware Set - Red,1130,194.93,69,0,2,0,0,0,0,0,0,0,0,0,0,2,0,2,0,0
202408,76295701,~C30-m100*,Collapsible Silicone Kitchen Strainers,145,25.01,48.3,0,3,0,0,0,0,0,0,0,0,0,0,3,0,3,0,0
202408,76300508,c200m300..-1,Sun X8 Max UV/LED Nail lamp 150W,450,72.45,34.5,0,6,0,0,0,0,0,0,5,0,0,5,1,0,5,0,0
202408,76303562,C75-M155*b19,Andowl Classic Multifunctional Hand Mixer - Handheld Food Mixer,204,23.46,63.25,0,3,0,0,0,0,0,1,0,0,0,1,2,0,0,0,0
202408,76303609,c40-m110-1*-1,4 Piece Multi-functional Adjustable Triangle Bed Sheet Clips,127.52,22,48.3,0,4,0,0,0,0,0,4,0,0,0,4,0,0,0,0,0
202408,76331939,c185m285-2,Rechargeable Cordless Handheld Garden Trimmer Set,397.5,64,48.3,0,2,1,0,0,0,1,2,0,0,0,2,1,0,0,0,0
202408,76334592,c140--m230-4,Oil-Based Thick Colouring Marker Pen Set-80pcs,280,32.2,34.5,0,5,0,0,0,0,0,0,5,0,0,5,0,0,0,0,0
202408,76338463,c120m210*-*-1,Unisex Oversized Sherpa Wearable Blanket Hoodie RED,259,44.68,48.3,0,2,0,0,0,0,0,0,0,0,0,0,2,0,0,0,0
202408,76338687,`#C80-M160-1*,Foldable Baby Diaper Caddy Organizer Carrier Bag - Grey,210,33.81,34.5,0,1,0,0,0,0,0,0,0,0,0,0,1,0,0,0,0
202408,76343503,c26-m95-m,Vegetable Chopper & Slicer,140,24.15,48.3,0,1,0,0,0,0,0,0,0,0,0,0,1,0,0,0,0
202408,76344426,c260m380--1,Woo- 65 Activities Educational Laptop for Kids - Blue,480,66.24,48.3,0,2,0,0,0,0,0,0,0,0,0,0,2,0,0,0,0
202408,76344818,--c100m180-*-2,Fluffy Carpets Rug White 200 x 150cm,250,43.13,48.3,0,2,1,0,0,0,1,0,0,0,0,0,3,0,0,0,0
202408,76368336,c250m350-dra-4,Ojees- 8 Piece Stainless Steel Cookware Set,400,69,48.3,0,1,0,0,0,0,0,0,1,0,0,1,0,0,0,0,0
202408,76368708,c230m330*2,Airtight Plastic Pantry Food Storage Container with Lids-Set of 7,599,103.33,48.3,0,3,0,0,0,0,0,0,0,0,0,0,3,0,0,0,0
202408,76368712,~C320-m440-!,Indoor & Outdoor Non-Slip Folding Baby Bathtub - Blue,364,58.6,34.5,0,3,0,0,0,0,0,0,3,0,0,3,0,0,0,0,0
202408,76374008,~c120-m210(*),HSL Himalayan Salt Lamp Medium (3-5 kg),460,79.35,48.3,0,0,3,0,0,0,3,1,0,0,0,1,2,0,0,0,0
202408,76374086,@C80-M160_!,Multiple Pockets Nursery Diaper Caddy Organizer & 10 Baby Outlet Plugs - Grey,270,43.47,34.5,0,1,0,0,0,0,0,0,0,0,0,0,1,0,0,0,0
202408,76375096,~C20-m90~1,3D Silicone Facial Cleansing Brush - Blue,150,24.15,34.5,0,0,1,0,0,0,1,1,0,0,0,1,0,0,0,0,0
202408,76380775,c46.50m115@@!,4 Season 30m Perforated Food Cling Wrap - Pack of 3,168,15.46,23,0,2,0,0,0,1,1,0,0,0,0,0,3,0,0,0,0
202408,76382066,~C150-m240*```,SANNE 20L Insulated Tote Lunch Bag Picnic Bag Outdoor Hiking Camping Tote,290,50.03,48.3,0,1,0,0,0,0,0,1,0,0,0,1,0,0,0,0,0
202408,76382071,~C120-m220-!~,26L Extra Large SANNE Insulated Picnic Bag Outdoor Food Carrier Tote Bag,280,48.3,48.3,0,1,0,0,0,0,0,0,0,0,0,0,1,0,1,0,0
202408,76385123,~c84--m164**^,21cm Salt & Pepper Mill Set - Beech,220,37.95,48.3,0,1,0,0,0,0,0,0,0,0,0,0,1,0,0,0,0
202408,76418023,c35m105-t20-7,Protein Shaker Bottle Spider Sports Bottle - 500ml - Purple - 24 cm,170,29.33,48.3,0,1,0,0,0,0,0,0,0,0,0,0,1,0,1,0,0
202408,76418025,c35m105-t20-2,Protein Shaker Bottle Spider Sports Bottle - 500ml - Black - 24 cm,160,27.6,48.3,0,1,0,0,0,0,0,1,0,0,0,1,0,0,0,0,0
202408,76450636,C30M100/D400,Brightgoods Sport Cooling Towel with Bottle - ocean blue,154,23.02,48.3,0,4,15,0,0,0,15,12,0,0,0,12,7,0,0,0,0
202408,76450638,~c20-*m90--5,Brightgoods Sport Cooling Towel with Bottle - pearl grey,158,23.62,48.3,0,6,0,0,0,0,0,1,0,0,0,1,5,0,0,0,0
202408,76450639,~c20-*m90--2,Brightgoods Sport Cooling Towel with Bottle - rose red,150,22.43,48.3,0,2,2,0,0,0,2,0,0,0,0,0,4,0,0,0,0
202408,76450640,C30M100/D400*1,Brightgoods Sport Cooling Towel with Bottle - glass green,156.67,23.42,48.3,0,3,7,0,0,0,7,3,0,0,0,3,7,0,0,0,0
202408,76450641,~c20-*m90--1,Brightgoods Sport Cooling Towel with Bottle - deep orange,150,22.43,48.3,0,3,0,0,0,0,0,0,0,0,0,0,3,0,0,0,0
202408,76450642,~c20-*m90--3,Brightgoods Sport Cooling Towel with Bottle - noble purple,156.25,23.36,48.3,0,4,1,0,0,0,1,2,0,0,0,2,3,0,0,0,0
202408,76450926,9902163668350,YALLI Sling Handbag For Woman - Black,180,31.05,48.3,0,0,3,0,0,0,3,1,0,0,0,1,2,0,0,0,0
202408,76450933,9902163668435,YALLI Sling Handbag For Woman - Red,180,31.05,48.3,0,0,3,0,0,0,3,1,0,0,0,1,2,0,0,0,0
202408,76452186,c65m145*1-1,Bath Towel and Hand Towel 2 Pcs Gift set Coral Fleece - Blue - Bath Towel,215.18,37.12,34.5,0,3,2,1,0,0,3,4,0,0,0,4,2,0,0,1,0
202408,76452188,c65m120*3,Bath Towel and Hand Towel 2 Pcs Gift set Coral Fleece - Beige - Bath Towel,189.06,32.61,34.5,0,1,0,0,0,0,0,1,0,0,0,1,0,0,0,0,0
202408,76452189,c65m145/f11-,Bath Towel and Hand Towel 2 Pcs Gift set Coral Fleece - White - Bath Towel,168,28.98,34.5,0,0,0,1,0,0,1,1,0,0,0,1,0,0,0,0,0
202408,76452191,c65m145*1--,Bath Towel and Hand Towel 2 Pcs Gift set Coral Fleece - Pink - Bath Towel,177.63,30.64,34.5,0,2,1,0,0,0,1,3,0,0,0,3,0,0,0,0,0
202408,76457004,C103M185--1,Multi-Functional Adjustable Movable Base for Appliances,450,77.63,48.3,0,1,0,0,0,0,0,0,0,0,0,0,1,0,0,0,0
202408,76459897,~c35-m105*&,Juicer Blender Rechargeable Mini Portable Electric Fruit Smoothie Maker,155,17.83,63.25,0,2,0,0,0,0,0,0,1,0,0,1,1,0,1,0,0
202408,76463827,1>C85M165>>>!,Non-stick Springform Cake Pan 3-Piece Set,200,34.5,48.3,0,2,0,0,0,0,0,0,1,0,0,1,1,0,1,0,0
202408,76464009,c50-M120---_BELLA,Adjustable Aerial Yoga Assist Trainer Elastic Stretch Strap Band - Purple,190,28.41,48.3,0,0,2,0,0,0,2,1,0,0,0,1,1,0,0,0,0
202408,76487740,c45m115-b19,Cincher Waist Trainer Abdominal Slimming Compression Belt - Pink - M Unisex,170,29.33,48.3,0,1,0,0,0,0,0,0,0,0,0,0,1,0,0,0,0
202408,76488429,C40M110..,Digital Pocket Scale,149.8,25.84,48.3,0,0,9,2,0,0,11,6,0,0,0,6,5,0,0,0,0
202408,76490184,c55m130#-2,Learning Education Machine Toy For Kids - Blue,180,24.84,48.3,0,2,0,0,0,0,0,0,2,0,0,2,0,0,0,0,0
202408,76490185,c55m130##1-,Learning Education Machine Toy For Kids - Pink,180,24.84,48.3,0,2,0,0,0,0,0,0,2,0,0,2,0,0,0,0,0
202408,76490535,-~C300-420--m-12/b44,Microphone BM 800 Condenser With V8 Sound Card Kit With Shock Mount,504.67,69.64,48.3,0,3,11,0,0,0,11,9,0,0,0,9,5,0,1,1,0
202408,76496259,@C120-M210!1,Lift of Leisure Aroma Diffuser - Ultrasonic Vibration Atomization,300,37.95,48.3,0,1,5,0,0,0,5,2,0,0,0,2,4,0,0,0,0
202408,76496822,~c28-m98~!2,Avalanche Fitness - Hand Grip Strength Trainer - Forearm Trainer - Blue,148,22.13,48.3,0,2,0,0,0,0,0,0,0,0,0,0,2,0,2,0,0
202408,76498024,C180-M280#,Mini Popcorn Machine,330,37.95,63.25,0,3,0,0,0,0,0,0,0,0,0,0,3,0,3,0,0
202408,76500723,c165m275-1,4 Piece Marble Bathroom Soap & Dental Cleaning Accessories Dispenser Set - White,340,58.65,48.3,0,0,2,0,0,0,2,1,0,0,0,1,1,0,0,0,0
202408,76500778,c100m180-c104-.,Mop Scratch Cleaning Mop,210,19.32,23,0,0,1,0,0,0,1,1,0,0,0,1,0,0,0,0,0
202408,76500887,c210-m310-7,24 Piece Cutlery Set-Gold,363.5,62.7,48.3,0,5,1,0,0,0,1,2,4,0,0,6,0,0,0,0,0
202408,76501253,c45-m115-.--12-10,Double belt Waist trainer - Pink / Black - Women S,148.08,25.54,48.3,0,9,0,0,0,0,0,1,0,0,0,1,8,0,0,0,0
202408,76501254,c45-m115-.-1-1,Double belt Waist trainer - Pink / Black - Women M,154.46,26.65,48.3,0,22,0,0,0,0,0,4,0,0,0,4,18,0,1,0,0
202408,76501255,c45-m115-.--12-8,Double belt Waist trainer - Pink / Black - Women L,145,25.01,48.3,0,20,0,0,0,0,0,1,0,0,0,1,19,0,0,1,0
202408,76501256,c45-m115-.--12-11,Double belt Waist trainer - Pink / Black - Women XL,145,25.01,48.3,0,3,0,0,0,1,1,0,0,0,0,0,4,0,0,0,0
202408,76501257,c45-m115-.--12-12,Double belt Waist trainer - Pink / Black - Women 2XL,159.29,27.48,48.3,0,6,0,0,0,0,0,2,0,0,0,2,4,0,0,0,0
202408,76502341,c285--m395-1,Ultra Slim External USB 3.0 High Speed CD-RW DVD-RW,450,51.75,48.3,0,6,3,0,0,0,3,3,0,0,0,3,6,0,0,0,0
202408,76502344,c285--m395-/b21,USB 3.0 Portable CD-RW DVD-RW Super Drive Player external rom,453.24,52.12,48.3,0,25,0,0,0,0,0,4,0,0,0,4,21,0,0,0,0
202408,76523120,c110m190/a10/c104,Kids Cuddly Plush Animal Pet Converts To Fun Hoodie Winter Sweater Jersey - Blue,230,31.74,48.3,0,5,6,0,0,0,6,3,0,0,0,3,8,0,0,0,0
202408,76524487,c199-m290-4,EcoChef 12 Piece Kitchen Utensil Set with Wooden Handle - Red,324,55.89,48.3,0,0,1,0,0,0,1,1,0,0,0,1,0,0,0,0,0
202408,76530522,c78m155-@6,5 Piece Silicone Baking Set - Pink - 24 cm,210,36.23,48.3,0,0,3,0,0,0,3,2,0,0,0,2,1,0,0,0,0
202408,76532455,c140m230*5,Leg Elevation Deflatable Pillow,320,55.2,48.3,0,1,1,0,0,0,1,1,0,0,0,1,1,0,0,0,0
202408,76534483,C50M120>>25,Handy Stitch Handheld Portable Sewing Machine,190,21.85,63.25,0,3,0,0,0,0,0,0,2,0,0,2,1,0,1,0,0
202408,76536272,~c170-m270_=-,Manual Muscle Massage Fascial Gun - Silver,379,47.94,48.3,0,0,1,0,0,0,1,1,0,0,0,1,0,0,0,0,0
202408,76536886,c1755m1900-1,9 Pack - Solar Alarm With Remote Controller,2400,276,63.25,0,2,0,0,0,0,0,0,0,0,0,0,2,0,0,0,0
202408,76537035,c195m290-1,Solar Alarm With Remote Controller,399,45.89,63.25,0,1,0,0,0,0,0,0,0,0,0,0,1,0,0,0,1
202408,76538692,c85-m165-1-1,"Glow In The Dark Night Sky, Star, Moon Design Luminous Blanket",220,37.95,48.3,0,1,0,0,0,0,0,0,0,0,0,0,1,0,0,0,0
202408,76539934,c580-m750-1,Solar Sound and Warning Light (4 Piece),800,92,48.3,0,1,0,0,0,0,0,0,0,0,0,0,1,0,1,0,0
202408,76545098,c120m210-b19-1,Cooking Utensil Set 11 Piece with Holder Cool - Duck Egg,260,44.85,48.3,0,2,7,0,0,0,7,4,0,0,0,4,5,0,0,0,0
202408,76573955,c70m150*1.-1=,4-Tier Multi-Function DIY Wooden Pen Holder with Pull-Out Drawer,220,37.95,48.3,0,1,0,0,0,0,0,0,1,0,0,1,0,0,0,0,0
202408,76574465,c110m190-a10-1,500ml Aromer Diffuser Humidifier,265,45.71,48.3,0,17,2,0,0,0,2,1,0,0,0,1,18,0,0,1,0
202408,76574575,c166m240,2 x Solar Monitoring Light / Lamp Dummy Camera Remote Controlled 200w,296,51.06,48.3,0,4,0,0,0,0,0,0,4,0,0,4,0,0,0,0,0
202408,76608850,~!c30-m100&^,Mihuis Shooter Drink Dispenser & Shot Holder with 6 Shot Acrylic Glasses,150,25.88,48.3,0,1,0,0,0,0,0,1,0,0,0,1,0,0,0,0,0
202408,76609829,c110m190-a10-4,500ml Aroma Diffuser Humidifier Lamp - Warm White,260,44.85,48.3,0,0,5,0,0,0,5,2,0,0,0,2,3,0,0,0,0
202408,76620775,c15m60--2,4-Slots Round Ice Ball Maker Mold - Transparent,149,17.14,48.3,0,0,8,0,0,0,8,4,0,0,0,4,4,0,0,0,0
202408,76641685,C103M185--2,Adjustable Special Base for Large Appliances,250,28.75,48.3,0,1,0,0,0,0,0,0,0,0,0,0,1,0,0,0,0
202408,76642835,C70M150//C98,10L Collapsible Space Saver Silicon and Rubber Bucket with Handle - Grey,180,16.56,23,0,0,2,0,0,0,2,0,0,0,0,0,2,0,0,0,0
202408,76644084,c60-m145~1,Muffin Tray - 24 Cup,210,36.23,48.3,0,2,4,0,0,0,4,3,0,0,0,3,3,0,0,1,0
202408,76646615,c9m60*,Mini Silicone Oven Gloves Mitts Heat Resistant Pair - Green - 9 cm,150,25.88,48.3,0,2,0,0,0,0,0,0,0,0,0,0,2,0,0,0,0
202408,76647221,c60-m140@1,Stainless Steel Biscuit Press Set,220,37.95,48.3,0,5,0,0,0,0,0,0,5,0,0,5,0,0,0,0,0
202408,76648161,c55m125-f26,3 Pack Squishy Hand Therapy Exercise Balls - Fidget Gel Stress Balls,183.95,27.5,48.3,108.15,12,0,0,0,0,0,1,0,0,1,2,10,0,0,0,0
202408,76648263,C50M120-6,3 Piece EMS Muscle Toner and Stimulator for Men and Women,146.89,21.96,48.3,0,1,11,0,0,0,11,7,0,0,0,7,5,0,0,0,0
202408,76651398,C140M220*1,Robot Piggy Bank Kids ATM Electronic Fingerprint Password Money Safe - Pink,279,38.5,48.3,0,3,0,0,0,0,0,0,3,0,0,3,0,0,0,0,0
202408,76654683,c130m230/c104**,Oversized Fleece Blanket Hoodie,280,48.3,48.3,0,2,0,0,0,0,0,0,0,0,0,0,2,0,0,0,0
202408,76655139,c80m140**,Inflatable Baby Tummy Time Water Play Mat Infant Activity Pad - Crab,200,32.2,34.5,0,0,0,0,0,0,0,0,0,0,0,0,0,0,0,1,0
202408,76656423,c122-m212-1,Intelligent Heart Lunch Box Lunch Box ( 2 Piece ),380,65.55,48.3,0,1,0,0,0,0,0,0,0,0,0,0,1,0,0,0,0
202408,76656489,c140m230-1,Bamboo Bed Tray With Foldable Legs - Brown,277.5,47.87,48.3,0,3,0,0,0,0,0,0,0,0,0,0,3,0,0,0,0
202408,76682360,C320M440--5,Popcorn Machine - Retro Carnival Popcorn Maker,857.14,98.57,63.25,0,2,0,0,0,0,0,0,2,0,0,2,0,0,0,0,0
202408,76687435,c235m345-12,3 Pieces of Modern Kitchen Container Round Glass Storage Jars with Lids,500,86.25,48.3,0,1,0,0,0,0,0,0,0,0,0,0,1,0,0,0,0
202408,76688018,C40M110#**,8.5 Inch LCD Writing Tablet - LCD Electronic Writing Board - Black,149,17.14,34.5,0,1,0,0,0,0,0,0,0,0,0,0,1,0,0,0,0
202408,76688019,C40M110#*,8.5 Inch LCD Writing Tablet - LCD Electronic Writing Board - Blue,187.57,21.57,34.5,0,6,0,0,0,1,1,0,6,0,0,6,1,0,0,0,0
202408,76688320,C90M170-2.,Back & Lumbar Support Pillow,220,37.95,48.3,0,1,5,0,0,0,5,2,0,0,0,2,4,0,0,0,0
202408,76689851,c26m80-1,Meat Digital Thermometer,190,32.78,48.3,0,1,0,0,0,0,0,0,0,0,0,0,1,0,1,0,0
202408,76692102,c240-m350#1 b-bags,3 Layers Waterproof Makeup Travel Bag Cosmetic Organizer - Black,450,62.1,34.5,0,5,0,0,0,0,0,0,0,0,0,0,5,0,4,0,0
202408,76695338,c103m185*1,Multifunctional Base for Washing Machines and Fridges - On Wheels,259,44.68,48.3,0,1,2,0,0,0,2,1,0,0,0,1,2,0,0,0,0
202408,76702224,c140m230.. ,66 Pieces cake decorator set,280,48.3,48.3,183.4,33,0,0,0,0,0,0,0,0,1,1,32,0,36,0,0
202408,76708970,--C140M230*3,3D Handheld Drawing Printing Pen-blue,280,32.2,34.5,0,1,0,0,0,0,0,0,0,0,0,0,1,0,0,0,0
202408,76711516,c550m720>>1,"Non-skirted Sofa Covers 3, 2 and 1 Seater - Maroon",1050,181.13,48.3,0,1,0,0,0,0,0,0,0,0,0,0,1,0,0,0,0
202408,76711518,c390m500-2-4,"Non-skirted Sofa Covers 2, 2, 1 and 1 Seater - Maroon",1170,201.83,63.25,0,1,0,0,0,0,0,0,0,0,0,0,1,0,0,0,0
202408,76714207,-c110--m190-1,Portable Silicone Collapsible Travel Electric Kettle - White,158,21.8,48.3,0,1,5,0,0,0,5,2,1,0,0,3,3,0,0,0,0
202408,76714598,C78M150-,5-Piece Silicone Kitchen Utensil Set - Black,200,34.5,48.3,0,1,0,0,0,0,0,0,0,0,0,0,1,0,0,0,0
202408,76717493,c78m155-9@5,Set Of 5 Silicone Non-Stick Baking Kitchen Utensils Cookware Set - Pink,199,34.33,48.3,0,1,0,0,0,0,0,0,0,0,0,0,1,0,0,0,0
202408,76719094,-c110--m190-8,Portable Silicone Collapsible Travel Electric Kettle-Blue,188,25.94,48.3,0,0,3,0,0,0,3,2,0,0,0,2,1,0,0,0,0
202408,76722319,c78m155-@2,5 Pieces Silicone Baking Utensil Set - Black,200,34.5,48.3,0,0,8,0,0,0,8,3,0,0,0,3,5,0,0,0,0
202408,76754747,C185M285-5,Set of 3 Transparent Bottle Sealed Tank Cork Glass Jars,400,69,48.3,0,2,0,0,0,0,0,0,0,0,0,0,2,0,0,0,0
202408,76758555,--c100m180-1-8,360 Degree Rotating Magic Spin Mop - Blue,350,32.2,23,0,1,0,0,0,0,0,0,1,0,0,1,0,0,1,0,0
202408,76758674,C140M230*-1c104,Multi-Functional Toning and Relaxing Massager,297,37.57,48.3,0,10,0,0,0,1,1,4,0,0,0,4,7,0,0,0,0
202408,76761234,c100m180----4,Kids Educational Marble Puzzle Race Track Building Blocks Set - 168pcs,290,40.02,48.3,0,1,0,0,0,0,0,1,0,0,0,1,0,0,0,0,0
202408,76763316,c85-mm175-1,Glow In The Dark Blanket - Purple,225,36.23,34.5,0,2,0,0,0,0,0,0,0,0,0,0,2,0,2,0,0
202408,76765149,C199M290@-1-3,12 Pieces Silicone Kitchen Set TK-SP013 - Green,380,65.55,48.3,0,0,1,0,0,0,1,0,0,0,0,0,1,0,0,0,0
202408,76765246,c85-m165-1,Glow in the Dark Blanket - Kids,220,37.95,48.3,0,1,0,0,0,0,0,0,0,0,0,0,1,0,0,0,0
202408,76766839,c240--m350-1- ,Nail Dust Collector,400,64.4,34.5,0,3,1,0,0,0,1,3,0,0,0,3,1,0,0,0,0
202408,76767170,C50M120>>10,Portable Hand Sewing Machine - White,171,19.67,63.25,0,2,0,0,0,0,0,0,0,0,0,0,2,0,2,0,0
202408,76769557,~c100-m180*^,Outdoor Cooling Mist System - 2 pack,230,34.39,48.3,0,9,0,0,0,0,0,0,0,0,0,0,9,0,0,0,0
202408,76784955,-c62m145-1.,"3 Grids Non-Stick Multifunctional Egg, Pancake, & Burgers Frying Pan",211.25,36.44,48.3,0,3,0,0,0,0,0,0,0,0,0,0,3,0,0,0,0
202408,76786053,c75m150*3*1,Washday Collapsible Laundry Bag,200,34.5,48.3,0,1,0,0,0,0,0,0,1,0,0,1,0,0,0,0,0
202408,76788665,c210m320-3,Double Wall Insulated Glass Cappuccino Cups 8.5oz - Set of 6,374.5,64.6,48.3,0,1,0,0,0,0,0,0,0,0,0,0,1,0,0,0,0
202408,76790752,C140M230>>2,Electric Chocolate Melting Pot,300,51.75,48.3,0,3,0,0,0,1,1,3,0,0,0,3,1,0,0,0,1
202408,76791679,c170m250*1. ,Soul Kitchen 66 Piece Cake Decorating Set,311.11,53.67,48.3,0,2,0,0,0,0,0,0,0,0,0,0,2,0,0,0,0
202408,76792667,c70m190-1*-,Dreamfarm Spina - Green and White,240,41.4,48.3,0,0,1,0,0,0,1,1,0,0,0,1,0,0,0,0,0
202408,76793457,-c120m210*1@,Large Folding Picnic Basket Insulated Cooler Bag - Blue,252,34.78,48.3,168.92,4,0,0,0,0,0,3,0,0,1,4,0,0,0,0,0
202408,76794399,c160m250*1c98*,Stainless Steel Manual Pasta Machine - 150mm,337.16,38.77,63.25,0,1,12,0,0,0,12,9,0,0,0,9,4,0,1,0,1
202408,76795782,#c45--m115-3,Finishing Touch Hair Removal,243.73,28.03,34.5,0,1,0,0,0,0,0,0,0,0,0,0,1,0,0,0,0
202408,76798126,c9m75-,90-Degree / Right Angle HDMI Adapter M/F (Dual Pack),106.67,8.59,48.3,0,3,0,0,0,0,0,3,0,0,0,3,0,0,0,0,0
202408,76799505,c120m210>`12,3 Seater Couch Cover,329.09,56.77,48.3,0,0,1,0,0,0,1,0,0,0,0,0,1,0,0,0,0
202408,76800594,c90m170-b19,GB Adjustable Washing Machine Refrigerator Base Rack With Wheels-2010,209.33,24.07,48.3,0,2,1,0,0,1,2,2,0,0,0,2,2,0,0,0,0
202408,76809663,C4M55-1-B19,Clown Noses x2,120,16.56,48.3,0,3,0,0,0,0,0,0,0,0,0,0,3,0,0,0,0
202408,76809886,C350M480*2*,2 In 1 Electric Barbecue Pan Grill Fry Oven Hot Cooking Pot for Kitchen,600,69,63.25,0,1,0,0,0,0,0,1,0,0,0,1,0,0,0,0,0
202408,76811776,c28m98*2,DIY Non-Stick Donut Maker Cutter Mold Baking Tool,200,34.5,48.3,0,1,0,0,0,0,0,0,0,0,0,0,1,0,0,0,0
202408,76813604,c1125m1400-1,Solar Motion Sensor Light with Alarm - 9 Pack,2300,264.5,48.3,0,1,0,0,0,0,0,0,0,0,0,0,1,0,0,0,0
202408,76816526,c360--m490--5,DH - Bamboo Lid Bread Bin And Canister Set - Combo - White,550,94.88,48.3,0,1,0,0,0,0,0,1,0,0,0,1,0,0,0,0,0
202408,76816531,c360--m490-2.-,DH - Bamboo Lid Bread Bin And Canister Set - Combo - Grey,550,94.88,48.3,0,1,0,0,0,0,0,1,0,0,0,1,0,0,0,0,0
202408,76820373,c170m270-.-5,U-Shaped Full Body Maternity Nursing Support Pregnancy Pillow - Grey,500,69,34.5,0,1,0,0,0,0,0,0,0,0,0,0,1,0,0,0,0
202408,76820590,C50M120^*1,Mop & Broom Wall Mounted Holder,154,26.57,48.3,0,9,0,0,0,3,3,1,0,0,0,1,11,0,0,0,0
202408,76821194,C65M130,Furniture Moving Artifact HW-17,196,22.54,41.4,0,1,0,0,0,0,0,0,0,0,0,0,1,0,0,0,0
202408,76823290,c320m450-1,Kitchen Baking Mini Pans Set of 4 Non Stick 11cm,550,94.88,48.3,0,0,1,0,0,0,1,1,0,0,0,1,0,0,0,0,0
202408,76824227,c65m145/b19,Furniture Mover and Heavy Duty Lifter,175,28.18,48.3,0,2,2,0,0,0,2,0,0,0,0,0,4,0,0,0,0
202408,76830231,c120m210@1,12Piece Stretchable Lid Design Airtight & Leak Proof Food Storage Container,270,46.58,48.3,175.13,2,0,0,0,0,0,1,0,0,1,2,0,0,0,0,0
202408,76830970,C200M300-24-,Set 145 Unicorn Kids Art Coloring Drawing Painting Set - Blue,480,55.2,34.5,0,2,0,0,0,0,0,0,0,0,0,0,2,0,0,0,0
202408,76832201,c75m150*3*1---1,Juicer - Multi-Functional - Manual ( No Electricity Required) - Burgundy,230,26.45,63.25,0,0,2,0,0,0,2,2,0,0,0,2,0,0,1,0,0
202408,76832202,C40M100#3-C-J2,Juicer - Multi-Functional - Manual ( No Electricity Required) - Turquoise,230,26.45,63.25,0,1,0,0,0,0,0,1,0,0,0,1,0,0,0,0,0
202408,76832446,C125M205#-1,CheffyThings Multifunctional Mandolin Slicer,243.75,42.05,48.3,0,3,1,0,0,0,1,3,0,0,0,3,1,0,0,0,0
202408,76833072,c240m350.-1,Andowl 20000lm Multifunctional Rechargeable Handheld Light L445 With Tripod,400,69,48.3,0,4,0,0,0,0,0,0,0,0,0,0,4,0,0,0,0
202408,76835354,c400m540-c104-4,Multi-function 2.5L Stainless Steel Deep Fryer,650,74.75,63.25,0,0,5,0,0,0,5,2,0,0,0,2,3,0,0,0,0
202408,76852689,c15--m75-2,Flexible Claw Grabber,160,14.72,23,0,0,1,0,0,0,1,0,0,0,0,0,1,0,0,0,0
202408,76875102,c65m145-1.,Vortic Umbrella Retractable Car Sunshade For Car Windscreen Small,220,25.3,48.3,0,21,0,0,0,0,0,0,0,0,0,0,21,0,27,0,0
202408,76877802,c55-m125-1,"Multifunction Potato, Rice & Fruit Presser Stainless Steel-Kitchen Essentials",192,33.12,48.3,0,1,0,0,0,0,0,0,0,0,0,0,1,0,0,0,0
202408,76879804,C50M120*2,Portable Handheld Sewing Machine,190,21.85,63.25,0,4,0,0,0,0,0,0,1,0,0,1,3,0,0,0,0
202408,76979867,c75m155-1-4,10L Collapsible Bucket - Grey,200,18.4,23,0,6,0,0,0,0,0,0,0,0,0,0,6,0,6,0,0
202408,76980368,c75m155-1-2,Collapsible Silicone 10 Litre Bucket-Grey,270,24.84,23,0,2,0,0,0,0,0,0,0,0,0,0,2,0,2,0,0
202408,76984617,~c60-m150*)!`,Pet Protective Reversible Single Sofa Cover Couch,200,34.5,48.3,0,13,0,0,0,0,0,0,0,0,0,0,13,0,14,0,0
202408,76985482,C50M120//B19*1,Star Master Night Light - Pink,144,19.87,48.3,0,0,1,0,0,0,1,1,0,0,0,1,0,0,0,0,0
202408,76985483,C50.M120..B19*1,Star Master Night Light - Blue,144,19.87,48.3,0,0,1,0,0,0,1,1,0,0,0,1,0,0,0,0,0
202408,76985484,C50M120//B19*2,Star Master Night Light - Purple,144,19.87,48.3,0,0,4,0,0,0,4,2,0,0,0,2,2,0,0,0,0
202408,76987162,c28m98*1,Non-Stick DIY Donut Mold Baking Tools,190,32.78,48.3,0,1,0,0,0,0,0,0,0,0,0,0,1,0,0,0,0
202408,76991139,C28M90*4,Silcone toilet brush - White,130,22.43,41.4,0,1,0,0,0,0,0,0,0,0,0,0,1,0,0,0,0
202408,77105373,c40-m110-1,Multi-functional Adjustable Triangle Bed Sheet Clips,199,34.33,48.3,0,5,0,0,0,0,0,0,0,0,0,0,5,0,0,0,0
202408,77109724,c580-m750- 1-#1,1.42m x 1.04m x 198m Inflatable Giraffe Water Sprinkler 52384,1000,138,48.3,0,1,0,0,0,0,0,0,0,0,0,0,1,0,0,0,0
202408,77110009,c100m180--1-1--1,Royal Blue Shaded Shaggy Fluffy Rug/Carpet(200cmx150cm),250,43.13,48.3,0,1,1,0,0,0,1,0,0,0,0,0,2,0,0,0,0
202408,77146150,c800m1020-1,Dessini Non Stick 10 Pieces Set,1290,222.53,48.3,0,2,0,0,0,0,0,0,0,0,0,0,2,0,0,0,0
202408,77180708,c110m190/b19-3DNS,Triangle Shape 160cm High Cloth Shoe Storage Rack and Bags Hanger,224.29,38.69,48.3,0,2,13,3,0,0,16,8,0,0,0,8,10,0,0,0,0
202408,77180850,C195M290-5,Kids Money Saving Automatic Fingerprint Armor Truck Toy,400,55.2,48.3,0,1,0,0,0,0,0,0,0,0,0,0,1,0,0,0,0
202408,77202370,~C60-m140~8,Elegant Glass Teapot / Kettle with lid (1L),240,41.4,48.3,0,0,1,0,0,0,1,1,0,0,0,1,0,0,0,0,0
202408,77233380,C60M140*^^-1 ,Patio Mist Cooling Kit,200,32.2,48.3,0,3,0,0,0,1,1,0,2,0,0,2,2,0,2,0,0
202408,77236258,C195M290-3,Saving Money Automatic Fingerprint Armor Truck Toy,500,69,48.3,0,3,0,0,0,0,0,0,0,0,0,0,3,0,3,0,0
202408,77242946,~c90-m170!1,Kitchen Defrosting Tray Fast Thawing Plate Defrost Board for Congealed Meat,240,41.4,48.3,0,0,0,0,0,0,0,0,0,0,0,0,0,0,0,1,0
202408,77243241,c250m360-1,Multi-Functional Baby Diaper Bag - Peach,469,75.51,34.5,0,1,0,0,0,0,0,0,1,0,0,1,0,0,0,0,0
202408,77318093,120m210/b44,4 Pack Digital Hygrometer Temperature Humidity Meter,295.71,51.01,48.3,0,10,0,0,0,0,0,4,0,0,0,4,6,0,0,0,0
202408,77318135,c280m390-@3-1,Stainless Steel Vegetable & Fruit Manual Juicer Machine - Silver,750,86.25,63.25,0,2,0,0,0,0,0,0,0,0,0,0,2,0,2,0,0
202408,77319258,c78m155-@5,5 Piece Silicon Baking Utensil Set - Black,300,51.75,48.3,0,1,0,0,0,0,0,0,0,0,0,0,1,0,0,0,0
202408,77320375,c125m215-A10-4,Durable Braided Baby Crib/Cot Bumper-2m - Pink,260,41.86,34.5,0,0,1,0,0,0,1,1,0,0,0,1,0,0,1,0,0
202408,77322486,c180-m285--1@2c98,17.5L Foldable Sensor Trash Can Q-TR3 - Blue,340,58.65,48.3,0,2,0,0,0,0,0,0,0,0,0,0,2,0,2,0,0
202408,77322487,c180-m285--1@3c98,17.5L Foldable Sensor Trash Can Q-TR3 - Pink,340,58.65,48.3,0,2,0,0,0,0,0,0,0,0,0,0,2,0,0,0,0
202408,77324883,C50M120*^-2,10m DIY Outdoor Water Cooling Mist System,151,24.31,48.3,0,5,0,0,0,0,0,0,4,0,0,4,1,0,0,0,0
202408,77324980,~c30-m100_,Muffin Tray 12 Cup Non Stick with Silcone cups,150,25.88,48.3,0,1,0,0,0,0,0,1,0,0,0,1,0,0,0,0,0
202408,77325079,c85m165-/-1,4 - Hole Egg Frying Pan With Hearts And Circles,250,43.13,48.3,158.58,1,0,0,0,0,0,0,0,0,1,1,0,0,0,0,0
202408,77346628,~C90-m170_(*0,Reversible 2 Seats sofa cover couch cover Pet Protector,250,43.13,48.3,0,4,0,0,0,0,0,0,0,0,0,0,4,0,0,0,0
202408,77357160,~C240-m350-@2,bellade Travel Makeup Case Cosmetic Case Portable with Adjustable Dividers - Black,420,57.96,34.5,0,0,1,0,0,0,1,1,0,0,0,1,0,0,0,0,0
202408,77358643,c45-m115-44,Plastic CupboardStore Pan Lid Holders Set of 4,175,30.19,48.3,0,2,0,0,0,0,0,0,0,0,0,0,2,0,0,0,0
202408,77391325,~c150-M240*&12,Car Brake Clutch Pedal Anti Theft Adjustable Security Clamp Lock,345,43.64,48.3,0,13,0,0,0,0,0,4,0,0,0,4,9,0,0,0,0
202408,77394112,c180-m280.,500ml Humidifier Aromatherapy Essential Oil Diffuser With 7 Color Changing,350,40.25,48.3,0,2,9,0,0,0,9,7,0,0,0,7,4,0,0,0,0
202408,77405890,~c50_m120_*,10m Multifunctional DIY Outdoor Patio Water Cooling Mist System,250,40.25,48.3,0,5,0,0,0,0,0,0,0,0,0,0,5,0,5,0,0
202408,77417253,c120-m210-`1,Pure Posture Supportive Cushion,310,46.35,48.3,0,2,0,0,0,0,0,1,0,0,0,1,1,0,0,0,0
202408,77419158,c260--m380-11,87W USB-C MagSafe MacBook Charger - White,420,67.62,48.3,0,2,1,0,0,0,1,1,0,0,0,1,2,0,0,1,0
202408,77442467,c93m170--1,Dell 19.5V 4.62A Replacement Charger (7.4*5.0mm),249,28.64,48.3,0,1,0,0,0,0,0,0,0,0,0,0,1,0,0,0,0
202408,77446527,c45-m115-2,"Installation - Free Cupboard Store Pan Plastic Lid Holders, Set of 4",280,48.3,48.3,0,9,0,0,0,0,0,1,0,0,0,1,8,0,0,0,0
202408,77451035,-.c80m160-1,The Incredible Xpanding Hose! - Magic Hose - 30m - Green,370,59.57,48.3,0,0,1,0,0,0,1,1,0,0,0,1,0,0,0,0,0
202408,77452640,--c70--m150-1,Facial Beard Trimmer For Men CB-626,200,23,34.5,0,4,3,0,0,0,3,1,0,0,0,1,6,0,0,1,0
202408,77454127,"c200m300...,",Multifunctional Heavy Duty Rechargeable Pistol Light,340,58.65,48.3,0,0,3,0,0,0,3,0,0,0,0,0,3,0,0,0,0
202408,77467990,C290--M410=-1,Electric Paint Sprayer Elite 800ml,448,51.52,48.3,0,1,0,0,0,0,0,0,0,0,0,0,1,0,0,0,0
202408,77474721,c100-m--180-1*,Set Of 2 Wall-Mounted 5-Slot Mop & Broom Holder With 6 Hanging Hooks - Grey,230,39.68,48.3,0,4,0,0,0,1,1,3,0,0,0,3,2,0,0,0,0
202408,77479788,C168M255--3 - 2,Horing Pop Up Tent Pet Playpen Carrier Dog Cat Puppies Portable Foldable - Brown - S,390,44.85,34.5,0,1,3,0,0,0,3,2,0,0,0,2,2,0,0,0,0
202408,77479789,c228m310--2 -.,Horing Pop Up Tent Pet Playpen Carrier Dog Cat Puppies Portable Foldable - Brown - M,415,47.73,34.5,332.78,3,0,0,0,0,0,0,0,0,1,1,2,0,2,0,0
202408,77479791,c228m310--2 -L...,Horing Pop Up Tent Pet Playpen Carrier Dog Cat Puppies Portable Foldable - Blue - M,400,46,34.5,0,1,0,0,0,0,0,0,0,0,0,0,1,0,0,0,0
202408,77480612,-c200-m300-1,Pack Of 4 Wall-Mounted Multipurpose Broom & Mop Holder With 6 Hooks - Grey,400,69,48.3,0,2,0,0,0,0,0,1,0,0,0,1,1,0,0,0,0
202408,77480615,c100-m180*1,Pack Of 2 Wall-Mounted Multipurpose Broom & Mop Holder With 6 Hooks - Grey,250,43.13,48.3,0,1,1,0,0,0,1,2,0,0,0,2,0,0,0,0,0
202408,77490475,-c330m430-a10,Kids Basket Ball Arcade Game Set,490,67.62,48.3,0,0,3,0,0,0,3,1,0,0,0,1,2,0,0,0,0
202408,77491737,C38M105>>>1,3-in-1 Multifunctional Foldable Cutting Board,149,25.7,48.3,0,2,0,0,0,0,0,0,0,0,0,0,2,0,2,0,0
202408,77491922,c200-m-300-*2,4 Pcs Of Wall-Mount Mop And Broom Holder Tool Organizer With 6 Hooks - Grey,430,74.18,48.3,0,3,0,0,0,0,0,0,0,0,0,0,3,0,3,0,0
202408,77491929,c400-m540-1*2,8 Pcs Of Wall-Mount Mop And Broom Holder Tool Organizer With 6 Hooks - Grey,600,103.5,48.3,0,3,4,0,0,0,4,2,3,0,0,5,2,0,0,0,0
202408,77505795,c90m170><!,Bye Bye Flies Insect Repellent - Set of 2,220,30.36,48.3,0,0,1,0,0,0,1,1,0,0,0,1,0,0,0,0,0
202408,77507035,~C200-m300~11```,Large Capacity Multifunctional Maternity Mom Diaper Shoulder Bag Set of 2 - Grey,420,67.62,34.5,0,0,2,0,0,0,2,2,0,0,0,2,0,0,1,0,0
202408,77511703,^^C140-M230@,Doctor Costume For Kids,310,42.78,48.3,0,0,0,1,0,0,1,0,0,0,0,0,1,0,0,0,0
202408,77517380,C220m320#4,USB 3.0 Slim External Portable DVD-RW Drive,398.67,55.02,48.3,0,7,0,0,0,0,0,0,0,0,0,0,7,0,8,0,0
202408,77518492,c60m140-bella.1,Hello Gorgeous Bear Crusher Cup Double Wall BPA Free Travel Mug with Straw - Brown,240,41.4,48.3,0,2,0,0,0,0,0,0,0,0,0,0,2,0,0,0,0
202408,77559130,c100m170*1*1,Classy Electric Coffee Warmer Coaster and Mug Set - Green,220,37.95,48.3,0,1,0,0,0,0,0,1,0,0,0,1,0,0,0,0,0
202408,77559269,c132m223-1-1,Storage Bag Large Durable Grey 4 Pack,480,82.8,48.3,0,3,0,0,0,0,0,0,0,0,0,0,3,0,0,0,0
202408,77580122,~c55-m125^^%,Creative Living Outdoor Camping Picnic Blanket Extra Large 145 x 200 cm - Yellow Grid,189,26.08,48.3,114.62,5,0,0,0,0,0,0,0,0,1,1,4,0,0,0,0
202408,77580616,~c140-m230--bella,3 Piece Glass Container Set with Spoons and Holder - 450ML,333.33,57.5,48.3,227.53,0,10,0,0,0,10,6,0,0,1,7,3,0,0,0,0
202408,77598627,*C70-m150-!%,Set Of 2 Adjustable Peggy Kitchen Drawer Organizer Rack - Charcoal,300,51.75,48.3,0,1,0,0,0,0,0,0,0,0,0,0,1,0,0,0,0
202408,77598679,c50m80*1,Self-slip Egg Storage Container Drawer Fridge Box - Video Display - Green,170,29.33,48.3,0,3,0,0,0,0,0,0,3,0,0,3,0,0,0,0,0
202408,77599998,!c40-m110-,Smartgibby Waist Trainer Corset,139,23.98,48.3,0,1,0,0,0,0,0,0,0,0,0,0,1,0,0,0,0
202408,77600821,c210m310*--1,85W Solar Lights Motion Sensor Wall Light Box of 2 Units,480,82.8,48.3,0,0,1,0,0,0,1,1,0,0,0,1,0,0,0,0,0
202408,77606840,C140M230.,Bedding Storage Bag - 4 in a Pack,226.78,39.12,48.3,0,33,0,0,0,0,0,8,0,0,0,8,25,0,0,0,0
202408,77610529,~C220-m320~1,Gold Clutch Ladies Purse Hand Shoulder Bags,450,77.63,48.3,0,4,0,0,0,0,0,2,0,0,0,2,2,0,0,0,0
202408,77632041,~~~c80-m160-===,Play Set - Doll House With Accessories,195,26.91,48.3,0,0,1,0,0,0,1,0,0,0,0,0,1,0,0,0,0
202408,77635637,c150m240><><1,Osenjie Facial Steamer (Purple),290,46.69,34.5,0,1,2,0,0,0,2,2,0,0,0,2,1,0,0,0,0
202408,77636132,C100M180C104/JUJU*4,"6 Drawer Transparent Cosmetic Storage, Jewellery & Make-up Clear Organizer",300,41.4,34.5,0,1,0,0,0,0,0,0,0,0,0,0,1,0,1,0,0
202408,77658090,C40M100*1,Multi-Functional Portable Ultrasonic Cleaning Machine,160,20.24,48.3,0,0,1,0,0,0,1,0,0,0,0,0,1,0,0,0,0
202408,77658401,C60-M140-1-5,Mini Portable Handheld Electric Steam Iron – NT-001 - Pink,300,27.6,48.3,0,1,0,0,0,0,0,0,1,0,0,1,0,0,0,0,0
202408,77670400,c120-m210--22 -*3,66 Pieces cake decorator set,340,58.65,48.3,0,2,0,0,0,0,0,0,0,0,0,0,2,0,0,0,0
202408,77691988,c230m340--b19-2,Magic Frying Pan,450,77.63,48.3,0,1,1,0,0,0,1,1,0,0,0,1,1,0,0,0,0
202408,77696627,C50M120-1,EMS Toning & Firming Muscle & AB Stimulator,190,28.41,48.3,0,1,0,0,0,0,0,0,0,0,0,0,1,0,0,0,0
202408,90023291,~C240-m350_5,BeautyFX Make-up Bag Organiser Travel Bag,450,62.1,34.5,0,2,0,0,0,0,0,0,0,0,0,0,2,0,0,0,0
202408,90042674,c145-m230-1#1,Display DIY nail art training hands,350,56.35,34.5,0,1,0,0,0,0,0,0,1,0,0,1,0,0,0,0,0
202408,90044284,C80M210*4*,Rainbow Cotton Hammock with Carry Bag,313.36,50.45,48.3,0,2,0,0,0,0,0,0,2,0,0,2,0,0,0,0,0
202408,90056122,~c120-m210-!`,Gold Clutch Purses for Women Evening Bag,260,44.85,48.3,0,1,4,0,0,0,4,2,0,0,0,2,3,0,1,0,0
202408,90056123,~c120-m210-1,Silver Diamante Crystal Bride Clutch Purse Pouch Girl Evening Bag,260,44.85,48.3,0,4,0,0,0,0,0,2,0,0,0,2,2,0,0,0,0
202408,90074690,c90m170-c104-2,Slushy Frozen Magic Cup,240,33.12,48.3,0,1,0,0,0,0,0,0,1,0,0,1,0,0,0,0,0
202408,90094694,c200m280*,Facial and Garment Steamer,400,46,48.3,0,1,0,0,0,0,0,0,1,0,0,1,0,0,0,0,0
202408,90094729,c70m150-b19-3,"Portable Smoothie Blender, Juicer Food Processor USB Rechargeable",220,25.3,63.25,0,0,1,0,0,0,1,1,0,0,0,1,0,0,0,0,0
202408,90096116,c130m220-1,Color Changing 36cm Tornado Lamp - Blue / Silver,300,41.4,48.3,0,2,0,0,0,0,0,0,0,0,0,0,2,0,0,0,0
202408,90099671,9902141820374,Car Cover - XXL,379,43.59,48.3,0,0,2,0,0,0,2,1,0,0,0,1,1,0,0,0,0
202408,90100103,~c30-M100*&1,12-in-1 Multifunctional Portable Kitchen Tool ID-58,150,25.88,48.3,0,0,2,0,0,0,2,1,0,0,0,1,1,0,0,0,0
202408,90119096,C138M215*-1-1 -,Pack of 6 - Mini Outdoor Solar Rainproof LED Light,280,32.2,63.25,0,14,0,0,0,0,0,0,0,0,0,0,14,0,0,0,0
202408,90142762,~!c17-m90~,Claro -Croma Ballpoint Pen 0.7mm Box of 50 - Red,140,16.1,34.5,0,0,1,0,0,0,1,1,0,0,0,1,0,0,0,0,0
202408,90162787,c130m220..b52,Portable 12V Fast Inflation Air Compressor,290,33.35,48.3,0,2,1,0,0,0,1,1,0,0,0,1,2,0,0,0,0
202408,90165972,c140m230*15,Inflatable Portable Leg Ramp Pillow Circulation & Reduce Swelling,280,41.86,48.3,0,4,0,0,0,0,0,1,0,0,0,1,3,0,0,0,1
202408,90167300,CX60-M140-1-2,Mini Electric Iron,190,17.48,48.3,0,3,0,0,0,0,0,0,3,0,0,3,0,0,0,0,0
202408,90167335,c70m140*1*,"Door Stop Alarm, Door Stopper Security Alarm, Floor Wedge, for Travel Home",189,23.91,48.3,0,3,0,0,0,0,0,0,3,0,0,3,0,0,0,0,0
202408,90174116,c180m280**1 ,Cake Decorating Tools Kit 66 Pieces Set with Cake Rotating Turntable,330,56.93,48.3,0,2,0,0,0,0,0,0,0,0,0,0,2,0,2,0,0
202408,90174199,-c35m105-.-1,Silicone Gel Heel Raises/Cushions - 3 Layers,190,21.85,34.5,0,0,4,1,0,0,5,2,0,0,0,2,3,0,0,0,0
202408,90174271,c110m180---1-1,Carwash Rocket Sprayer,217.71,25.04,48.3,0,23,0,0,0,0,0,3,1,0,0,4,19,0,1,0,0
202408,90176315,c150-m240-1,15M - 7 Pattern Spray Lay Flat Garden Hose,400,64.4,48.3,0,0,3,0,0,0,3,1,0,0,0,1,2,0,0,0,0
202408,90180799,c54m124-bella-4,Stainless Steel Potato Masher,144,24.84,48.3,0,0,1,0,0,0,1,1,0,0,0,1,0,0,0,0,0
202408,90181084,C60-mm140*1,Mini Portable Travel Steam Iron,235.6,21.68,48.3,0,3,0,0,0,0,0,0,0,0,0,0,3,0,0,0,0
202408,90181306,C50M12><3,Rectangular Bio-degradable Bamboo Fiber Serving Tray - Blue Ombre Leaf,190,32.78,48.3,0,1,0,0,0,0,0,0,0,0,0,0,1,0,0,0,0
202408,90181553,c30m*100----3,Bio-degradable 400 ml Travel Bamboo Fibre Drinking Mug Coffee Cup - Red,160,27.6,48.3,0,2,0,0,0,0,0,0,0,0,0,0,2,0,0,0,0
202408,90181554,c30m*100----4,Bio-degradable 400 ml Travel Bamboo Fibre Drinking Mug Coffee Cup - Yellow,160,27.6,48.3,0,1,0,0,0,0,0,0,0,0,0,0,1,0,0,0,0
202408,90196617,c260m380-b19-1,Paint Zoom-Spray,547,62.91,34.5,449.6,1,0,0,0,0,0,0,0,0,1,1,0,0,0,0,0
202408,90207623,~C50-m120-!@,Rechargeable Electric Mosquito Lamp,180,24.84,48.3,0,5,0,0,0,1,1,0,3,0,0,3,3,0,3,0,0
202408,90214612,c45-m115-5,Self-Adhesive Pot Lid Holders - 4 Pack,180,31.05,48.3,0,2,0,0,0,0,0,0,0,0,0,0,2,0,0,0,0
202408,90220204,CX60-M140-1-3,Handheld Ironing Machine Small Mini Garment Steamer,184.78,25.5,48.3,0,2,0,0,0,0,0,0,2,0,0,2,0,0,0,0,0
202408,90234847,c54m124-bella-5,Stainless Steel Potato Ricer Presser Masher,160.83,27.74,48.3,0,3,0,0,0,1,1,0,3,0,0,3,1,0,0,0,0
202408,90237682,-c30m100-*-*-6,Hip High Resistance Bands - Set of 3,190,28.41,48.3,0,1,1,0,0,0,1,0,0,0,0,0,2,0,0,0,0
202408,90256991,C190M290-2.,Super 7 speed Electric Hand Mixer With Stainless Bowl,360,41.4,63.25,0,3,1,0,0,0,1,2,0,0,0,2,2,0,0,0,0
202408,90264801,c170m270-.-3,Simply Comfy U Shape Pregnancy & Maternity Pillow- Full Body Nursing Pillow,443.92,61.26,34.5,348.16,9,0,0,0,0,0,0,3,0,1,4,5,0,5,1,1
202408,90279926,(c13-m83,Waterproof Silicone Shoe Cover,170,29.33,48.3,0,1,0,0,0,0,0,0,0,0,0,0,1,0,1,0,0
202408,90314476,160C-250M,Intelligent 3D Pen-2 - Blue,300,34.5,34.5,0,1,0,0,0,0,0,0,0,0,0,0,1,0,2,0,0
202408,90316001,C80M100***,WS-T99 Professional Hair Clipper,180,20.7,34.5,0,1,0,0,0,0,0,0,0,0,0,0,1,0,0,0,0
202408,90316133,c110-m190-~c,2 x Pizza Board - Serving Plate - Cutting Board - Premium Meranti Wood - 23 cm,280,48.3,48.3,0,1,0,0,0,0,0,0,0,0,0,0,1,0,0,0,0
202408,90316134,c110-m190-~c0,2 x Pizza Board - Serving Plate - Cutting Board - Premium Meranti Wood - 26 cm,280,48.3,48.3,0,0,1,0,0,0,1,0,0,0,0,0,1,0,0,0,0
202408,90316136,c110-m190-~c8,2 x Pizza Board - Serving Plate - Cutting Board - Premium Meranti Wood - 28 cm,230,39.68,48.3,0,7,0,0,0,0,0,0,0,0,0,0,7,0,7,0,0
202408,90316137,~C200-m300*(&,4 x Pizza Board - Serving Plate - Cutting Board - Premium Meranti Wood - 20 cm,400,69,48.3,0,3,0,0,0,0,0,0,0,0,0,0,3,0,3,0,0
202408,90316140,220-m320--*,4 x Pizza Board - Serving Plate - Cutting Board - Premium Meranti Wood - 28 cm,440,75.9,48.3,0,1,1,0,0,0,1,2,0,0,0,2,0,0,0,0,0
202408,90316142,~c300-m420-__2,6x Pizza Board - Serving Plate - Cutting Board - Premium Meranti Wood - 23 cm,600,103.5,48.3,0,0,1,0,0,0,1,1,0,0,0,1,0,0,0,0,0
202408,90316143,330-m450~``#,6x Pizza Board - Serving Plate - Cutting Board - Premium Meranti Wood - 26 cm,700,120.75,48.3,0,0,3,0,0,0,3,3,0,0,0,3,0,0,0,0,0
202408,90316146,400-m540*&2,8x Pizza Board - Serving Plate - Cutting Board - Premium Meranti Wood - 23 cm,700,120.75,48.3,0,0,2,0,0,0,2,2,0,0,0,2,0,0,0,0,0
202408,90316148,440-m590!`2,8x Pizza Board - Serving Plate - Cutting Board - Premium Meranti Wood - 28 cm,650,112.13,48.3,0,1,1,0,0,0,1,2,0,0,0,2,0,0,0,1,0
202408,90317269,9902056568804,Fridge Eggs Storage Box Container With Drawer & Date Tracker - Blue,0,0,48.3,0,1,0,0,0,0,0,0,0,0,0,0,1,0,0,0,0
202408,90317495,c460m660*1,2 x 7 Pieces Of Air-Tight Sealed Food Storage Container Set - Black,604,104.19,48.3,0,0,2,0,0,0,2,2,0,0,0,2,0,0,0,0,0
202408,90328597,-C120M210--3,Colour Changing LED Light Water Powered Shower Head - Silver,260,32.89,48.3,0,2,3,0,0,0,3,3,0,0,0,3,2,1,0,0,0
202408,90329530,~C95-m175--+,Luxury Flame Diffuser & Humidifier - Black,225,28.46,48.3,0,5,0,0,0,0,0,0,1,1,0,2,3,0,4,0,0
202408,90356393,c90m170#,ZATECH HDMI Female to VGA male Video Adapter with audio Convertor,270,27.95,48.3,0,1,0,0,0,0,0,0,0,0,0,0,1,0,5,2,0
202408,90358452,~c45-m115----,Garden Solar Light Fiber Optic Lights Jellyfish Colour Changing,170,27.37,48.3,0,4,0,0,0,0,0,0,0,0,0,0,4,0,4,0,0
202408,90362028,C90M170*2**,Dancing & Mimicking Cactus Plush Toy,220,30.36,48.3,0,2,0,0,0,0,0,0,1,0,0,1,1,0,1,0,0
202408,90362686,c100m180--1-1,Fluffy Carpet - Blue/Blue,230,39.68,48.3,0,0,1,0,0,0,1,0,0,0,0,0,1,0,0,0,0
202408,90363934,c360m490--1,AG Set of 12 PIP Motion + CDS Night Sensor Solar LED Wall Light,550,94.88,48.3,0,1,0,0,0,0,0,0,0,0,0,0,1,0,0,0,0
202408,90372887,c65m145woo,HDMI to VGA Cable 1.5m,179.25,14.43,48.3,0,18,24,0,0,0,24,26,0,0,0,26,16,0,0,1,0
202408,90373071,C50M110#1,Air Pump Wine Opener,160,27.6,48.3,0,0,3,0,0,0,3,3,0,0,0,3,0,0,3,0,0
202408,90376302,~c90-M170~,3-in-1 Paper Dispenser For Kitchen - Alumimum Foil Cling Film And Tissue,300,51.75,48.3,0,1,0,0,0,0,0,0,0,0,0,0,1,0,1,0,0
202408,90395772,c100m180-woo,Replacement for Laptop LENOVO CHARGER 45W 20V 2.25A USB-WOO,258.31,29.71,48.3,0,19,3,0,0,0,3,6,0,0,0,6,16,0,0,0,1
202408,90400111,!@c68-m150-=,Kids Music Box Suitcase,200,27.6,48.3,0,3,0,0,0,0,0,0,0,0,0,0,3,0,3,0,0
202408,90400286,!c50-m120-1 ,2 Pack Multifunctional Storage Container - Large,230,39.68,48.3,0,3,0,0,0,0,0,0,0,0,0,0,3,0,0,0,0
202408,90400558,C46M116>>1,Display To HDMI 1.8 MTR Cable (ZA-DPTHDMI-1.8M),230,23.81,48.3,0,5,0,0,0,0,0,0,5,0,0,5,0,0,0,0,0
202408,90402524,-c30m100-*-*-1,Hip Resistance Exercise Band,190,28.41,48.3,0,1,1,0,0,0,1,1,0,0,0,1,1,0,0,0,0
202408,90410020,c145m230--1,12V 4x4 Air Compressor,499,57.39,48.3,0,1,0,0,0,0,0,0,0,0,0,0,1,0,0,0,0
202408,90411179,C220M310*9-,ZATECH USB 3.0 To VGA + HDMI Adapter,376.67,60.64,48.3,0,18,3,0,0,0,3,7,0,0,0,7,14,0,0,1,0
202408,90417111,--c100m180-*-1,Light fluffy shaggy Rug/Carpet,250,43.13,48.3,0,0,3,0,0,0,3,0,0,0,0,0,3,0,0,0,0
202408,90417430,c110m190@-1,Picnic Basket - Grey,320,44.16,48.3,0,0,3,0,0,0,3,3,0,0,0,3,0,0,0,0,0
202408,90417529,9902170163411,Ultra Plush Blanket/Throw - Scarlet Red,270,46.58,48.3,0,0,3,0,0,0,3,1,0,0,0,1,2,0,0,0,0
202408,90417530,c220m330--><><>!,Set of 2 Ultra Plush Blankets/Throws - Scarlet Red,450,77.63,48.3,0,0,2,0,0,1,3,1,0,0,0,1,2,0,0,0,0
202408,90429867,c135m225-b44-13,Motion Lava Lamp - Green,315,50.72,48.3,0,1,0,0,0,0,0,0,0,0,0,0,1,0,1,0,0
202408,90429955,~c200-m300--=,Women Luxury Evening Gold Wedding Clutch Bag,400,69,48.3,0,0,1,0,0,0,1,1,0,0,0,1,0,0,0,0,0
202408,90430009,@C200-M300~1,85W MagSafe MacBook Charger - White,390,44.85,48.3,0,1,3,0,0,0,3,0,0,0,0,0,4,0,0,0,0
202408,90431745,c175m275,3D Massager And Electric Gun Massager,450,62.1,34.5,0,3,3,0,0,0,3,4,0,0,0,4,2,0,1,0,0
202408,90444925,c120240@-1-1,400L Curtain LED Light - Multicolor 4M X 1.5M,320,36.8,48.3,0,0,1,0,0,0,1,1,0,0,0,1,0,0,0,0,0
202408,90446028,~C40-M110(f11,Plastic Chopping Board - Large,170,29.33,48.3,0,1,0,0,0,0,0,0,0,0,0,0,1,0,0,0,0
202408,90447283,c1000m1260-dra-1,Stainless Steel Non-Stick 22 Pieces Cookware Pots,1520,262.2,69,0,0,2,0,0,0,2,0,0,0,0,0,2,0,0,0,0
202408,90447926,C140M230/B52/B44,Motion Lava Lamp - Pink,296.61,51.17,48.3,0,6,34,0,0,0,34,22,0,0,0,22,18,0,1,0,0
202408,90470208,--c100m180-*-3,Rugs fluffy carpets Grey,250,43.13,48.3,0,0,2,0,0,0,2,1,0,0,0,1,1,0,0,0,0
202408,90473439,~C80-m160_____,Play-set Doll House With Accessories,208.86,28.82,48.3,131.73,3,2,0,0,0,2,3,0,0,1,4,1,0,0,0,0
202408,90474351,~c42_m112~!2,Kitchen Safety Anti Cut Knife Resistant Hand Protector Gloves - S,230,39.68,48.3,0,0,1,0,0,0,1,0,0,0,0,0,1,0,0,0,0
202408,90474352,~c42_m112~!3,Kitchen Safety Anti Cut Knife Resistant Hand Protector Gloves - M,230,39.68,48.3,0,1,0,0,0,0,0,0,0,0,0,0,1,0,0,0,0
202408,90474354,~c42_m112~!5,Kitchen Safety Anti Cut Knife Resistant Hand Protector Gloves - L,230,39.68,48.3,0,0,4,0,0,0,4,2,0,0,0,2,2,0,0,0,0
202408,90493385,c120-m210--1,M2 Dust Suction Mite Removal,300,27.6,23,0,2,0,0,0,0,0,0,0,0,0,0,2,0,2,0,0
202408,90494733,c45m115>7,5 Layered Multi Functional Pants Hanger,170,29.33,48.3,0,1,0,0,0,0,0,0,0,0,0,0,1,0,1,0,0
202408,90497523,-c110--m190-5,Portable Silicone Collapsible Travel Electric Kettle - Blue,246,33.95,48.3,0,2,0,0,0,0,0,0,0,0,0,0,2,0,0,0,0
202408,90497524,-c110--m190-6,Portable Silicone Collapsible Travel Electric Kettle - Pink,250,34.5,48.3,0,1,0,0,0,0,0,0,0,0,0,0,1,0,1,0,0
202408,90502140,C22-M`92-2,Hot Water Bottle - Red,170,19.55,63.25,0,1,0,0,0,0,0,0,0,0,0,0,1,0,0,0,0
202408,90504681,-c100-m180-2,Classy Electric Smart Portable USB Coaster Cup Warmer Set,230,26.45,63.25,0,1,0,0,0,0,0,0,0,0,0,0,1,0,0,0,0
202408,90505815,c110m180@1-1,Set of 6 Stackable & Space Savvy Food Storage Containers,250,43.13,48.3,0,10,0,0,0,0,0,0,0,0,0,0,10,0,0,0,0
202408,90523763,~$~c13-m83,Waterproof Silicon Shoe Cover,150,25.88,48.3,0,0,2,0,0,0,2,0,0,0,0,0,2,0,0,0,0
202408,90527472,c75m155/b19*,Super Hand Mixer Scarlett,203.38,23.39,63.25,0,6,5,0,0,0,5,5,0,0,0,5,6,0,0,0,0
202408,90528251,-c130m220--**-1,Dual Point Artist Markers - Set of 80,270,31.05,34.5,0,1,0,0,0,0,0,0,0,0,0,0,1,0,0,0,0
202408,90540142,~c80-m160-+,Laptop Anti-Theft Lock USB Charging Port Backpack Men Women,250,43.13,48.3,0,1,1,0,0,0,1,1,0,0,0,1,1,0,0,0,0
202408,90540910,~C95-m175-<f37,Portable-Noiseless Flame Air Humidifier and Diffuser for Home Office -Black,225,28.46,48.3,0,1,3,0,0,0,3,4,0,0,0,4,0,0,1,0,0
202408,90541184,c260m380-1,Paint Zoom Sprayer,493,56.7,34.5,0,2,0,0,0,0,0,0,0,0,0,0,2,0,3,0,0
202408,90544880,~C120-m`210,Pottery Wheel & Splash Art Studio Set - Kids - Toys,225.43,25.92,34.5,0,4,0,0,0,0,0,1,0,0,0,1,3,0,0,0,0
202408,90553876,c150m240/f11,3 x Pizza Plate Cutting Board,289,49.85,48.3,0,0,1,1,0,0,2,1,0,0,0,1,1,0,0,0,0
202408,90555336,c140-m230-4*,Oversized Fleece Blanket Hoodie - Grey,260,44.85,48.3,0,1,0,0,0,0,0,0,0,0,0,0,1,0,0,0,0
202408,90590484,C130-mm220+~!,Kids Pet Hoodie - Purple - 3 years,280,48.3,48.3,0,2,0,0,0,0,0,0,0,0,0,0,2,0,0,0,0
202408,90590669,c110m190/dragon,"Soft & Fluffy Fleece Blanket, 200cm x 230cm",430.56,74.27,48.3,0,0,0,0,0,0,0,0,0,0,0,0,0,0,1,0,0
202408,90614783,~xc150--m240(,Stackable Shoe Rack - 10-Tier Shape,300,51.75,48.3,0,0,4,0,0,0,4,2,0,0,0,2,2,0,0,0,0
202408,90615540,~c205-m305~,Bella Triangle Patterned Hand Carry Bag With Sling - Pink,400,69,48.3,0,1,0,0,0,0,0,0,0,0,0,0,1,0,1,0,0
202408,90616943,~c150-m240*`^^),SANNE Insulated 20L Cooler Hiker Camping Box Tote Lunch Picnic Bag,290,26.68,23,0,2,0,0,0,0,0,2,0,0,0,2,0,0,0,0,0
202408,90617510,--c100m180-*-4,Fluffy Carpet/Rug - Pink,280,48.3,48.3,0,0,5,1,0,0,6,4,0,0,0,4,2,0,0,0,0
202408,90624621,~!C140-M230-!OUT OF STOCK,Travel Portable Iron Steamer,280,25.76,48.3,0,1,2,0,0,0,2,1,0,0,0,1,2,0,0,0,0
202408,90624947,c280m390-@2,Stainless Steel Manual Juicer Machine,440,50.6,63.25,0,1,1,0,0,0,1,1,0,0,0,1,1,0,0,0,0
202408,90626143,C160M250#3,Dust Suction Mite Vacuum,299,34.39,63.25,0,1,0,0,0,0,0,0,1,0,0,1,0,0,0,0,0
202408,90681527,c160m250...,7-in-1 Stainless Steel Household Kitchen Gadgets Set - White,300,51.75,48.3,0,1,0,0,0,0,0,0,0,0,0,0,1,0,0,0,0
202408,90682780,c290m410*1,Tactical Gear Military Vest,459,79.18,48.3,0,1,0,0,0,0,0,0,0,0,0,0,1,0,0,0,0
202408,90686040,c35m105-t20-1,Protein Shaker and Drinking Bottle - Green,159,27.43,48.3,0,4,2,0,0,0,2,2,0,0,0,2,4,0,0,0,0
202408,90722747,C50M120>>13,Handy Stitch Sewing Machine,190,21.85,63.25,0,5,0,0,0,0,0,0,4,0,0,4,1,0,1,0,0
202408,90896255,+(c45-m105-1,Portable Stylish Gradient Inspirational Water Bottle With Straw - 1400ml - Blue,160,27.6,48.3,0,0,1,0,0,0,1,1,0,0,0,1,0,0,0,0,0
202408,90896258,c45-m105-=~,Portable Stylish Gradient Inspirational Water Bottle With Straw - 1400ml - Purple,160,27.6,48.3,0,5,0,0,0,0,0,0,0,0,0,0,5,0,5,0,0
202408,90905019,c64--m144-1,2 x Car Rear Back Seat Multi-Pocket Storage Organizer Holder Bag,175.95,20.23,48.3,107.42,12,0,0,0,0,0,1,0,0,1,2,10,0,0,0,0
202408,90906198,c70m190-1,Spina Colander and Salad Spinner - Dreamfarm,240,41.4,48.3,0,3,0,0,0,0,0,1,0,0,0,1,2,0,0,0,0
202408,90906640,-c200m300-1,Electric Bubble Rocket Bloom 64 Bubble Emission Holes - Purple,381,52.58,48.3,0,1,0,0,0,0,0,0,0,0,0,0,1,0,0,0,0
202408,90906729,C25M95/SHOP,HDMI to VGA Adapter with Audio,215,34.62,48.3,0,1,0,0,0,0,0,0,0,0,0,0,1,0,0,0,0
202408,90926609,c180-m280..,SI-BIN-101 - Automatic Sensing Folding Trash Bin - Sky-Blue,398,68.66,48.3,281.05,1,0,0,0,0,0,0,0,0,1,1,0,0,0,0,0
202408,90926615,C27M100,Manual Lemon Squeezer Juicer Portable Multi Function Hand Presser,141,24.32,48.3,0,1,0,0,0,0,0,0,0,0,0,0,1,1,0,0,0
202408,90948709,c85m165__24,PP Glow in The Dark Throw Blanket for Kids - Grey,240,38.64,34.5,0,0,2,0,0,0,2,1,0,0,0,1,1,0,0,0,0
202408,90948710,c85m165__3,PP Glow in The Dark Throw Blanket for Kids - Pink,280,45.08,34.5,0,1,3,0,0,0,3,1,0,0,0,1,3,0,0,0,0
202408,90950266,c85m165--1-1-b19,2 in 1 Portable Mini Washing Machine Ultrasonic Turbine Clothes Mini Washer,210,19.32,23,0,4,0,0,0,0,0,1,0,0,0,1,3,0,0,0,0
202408,90950597,c84m164-b19-1,Baby Shark Soft Singing Light Up Plush Toy Blue - 2 Piece,202.5,27.95,48.3,0,1,1,0,0,0,1,1,0,0,0,1,1,0,0,0,0
202408,90951996,--c160m250-b19--2,16 Jars Rotating Spice Rack,280,48.3,48.3,0,5,0,0,0,0,0,0,0,0,0,0,5,0,0,0,0
202408,90974331,c30-m100-1,Black Gloves Set,139,23.98,48.3,0,4,0,0,0,0,0,0,0,0,0,0,4,0,0,0,0
202408,90975201,c250-m360-1=1,Solar Powered Lighting System LED Light With 3 Light Bulbs Solar Panel,411.5,47.32,63.25,0,1,3,0,0,0,3,4,0,0,0,4,0,0,0,0,0
202408,90977105,~c100-/m180--==,Glow In The Dark Starry Night Luxury Fleece Blanket - Pink - Single S,230,39.68,48.3,0,3,0,0,0,0,0,0,0,0,0,0,3,0,0,0,0
202408,90978350,c120-m210()!,Home Nordic Double Layer Metal Fruit Basket Storage 25cm - Gold,290,50.03,48.3,0,0,2,0,0,0,2,1,0,0,0,1,1,0,0,0,0
202408,90978467,C20M90#1-1,Lemon Juicer/ Lemon Squeezer - Dual Action,90.5,15.61,48.3,0,0,2,0,0,0,2,2,0,0,0,2,0,0,0,0,0
202408,90978976,c60--m140-1-1,360° Rotating Makeup Brush Holder Dustproof Makeup Organizer with Lid,190,32.78,48.3,0,3,0,0,0,0,0,0,0,0,0,0,3,0,3,0,0
202408,90985345,c90--m170-2,Egg Sitter Support Cushion,230,31.74,48.3,0,2,0,0,0,0,0,0,0,0,0,0,2,0,0,0,0
202408,90987437,c100-m-230-4,Foldable Laptop Desk/Table,270,31.05,48.3,0,0,5,0,0,0,5,3,0,0,0,3,2,0,0,0,0
202408,90988351,--c100m180-*-6,Fluffy Carpet Rug Blue,250,43.13,48.3,0,1,1,0,0,0,1,0,0,0,0,0,2,0,0,0,0
202408,90994729,C800M1020--1,Dessini Non Stick 10 Pieces Set,1289,222.35,48.3,0,2,4,0,0,0,4,1,0,0,0,1,5,0,0,0,0
202408,90994832,c140m230-1b19,12-Jar Rotating Spice Carousel,268,46.23,48.3,0,1,0,0,0,0,0,0,0,0,0,0,1,0,0,0,0
202408,90995171,c330m440//b52dns,"Safety Baby, Toddlers, Children Bed Guard Rail, 1.5 Meter - Blue",640.71,103.16,34.5,0,4,0,0,0,0,0,3,0,0,0,3,1,0,0,0,0
202408,90995758,c140m230*17,Inflatable Portable Leg Ramp Pillow,275,41.11,48.3,0,2,1,0,0,0,1,2,0,0,0,2,1,0,0,0,0
202408,91005051,c390m500-2-2,3 Pieces Elastic Stretch Universal Stretch Couch Cover Maroon,580,100.05,48.3,0,1,0,0,0,0,0,1,0,0,0,1,0,0,0,0,0
202408,91005150,c390m490*-*4,3 Pieces Elastic Stretch Universal Stretch Couch Cover Grey,580,100.05,48.3,0,1,0,0,0,0,0,1,0,0,0,1,0,0,0,0,0
202408,91005892,!c170-m270-1,26L Oxford Picnic Basket Insulated Cooler Bag - Green,335,38.53,48.3,0,4,0,0,0,0,0,1,0,0,0,1,3,0,0,0,0
202408,91007884,c200m300--1-13,Reversible Luxury Sherpa Fleece Mink Throw Blanket Grey - XL,413.2,71.28,115,0,8,13,1,0,1,15,13,0,0,0,13,10,0,0,0,0
202408,91017929,c177m250--1,Collapsible Storage Cubes Premium for Cupboard - 6 Pack - Light Grey - 30 cm,290,50.03,48.3,0,0,0,0,0,1,1,0,0,0,0,0,1,0,0,0,0
202408,91018219,9902166724848,2 Pack - Fleece Covered Hot Water Bottles - Grey,250,28.75,63.25,0,0,1,0,0,0,1,1,0,0,0,1,0,0,1,0,0
202408,91019400,c48m118-a10-2,Portable High Power Car Vacuum Cleaner,170.25,19.58,48.3,0,1,2,1,0,0,3,1,0,0,0,1,3,0,1,0,0
202408,91024178,c400m540-*-1-1,"5200mAh Battery for Dell 3460, E5420, 14R, 15R, 17R (T54FJ)",800,82.8,48.3,0,3,2,0,0,0,2,2,0,0,0,2,3,0,0,0,0
202408,91088144,C200M300-21-,Kids Painting & Drawing Art Set With Aluminum Case - Pink,390,44.85,34.5,0,1,0,0,0,0,0,0,0,0,0,0,1,0,0,0,0
202408,91088303,C160m250..-4,7 Pieces Of Multifunctional Stainless Steel Rose Gold Kitchen Utensils Set - Grey,300,51.75,48.3,0,1,1,0,0,0,1,1,0,0,0,1,1,0,0,0,0
202408,91108063,-c30m100-1-11-3,3D Full Body Shape Massager,123.57,17.05,34.5,0,8,3,0,0,0,3,4,0,0,0,4,7,0,1,0,0
202408,91115844,~c42_m112~!,Anti-Cut Gloves Safety Kitchen Cut Proof Stab Resistant Mesh Gloves - 2 Pack,200,34.5,48.3,117.2,4,0,0,0,0,0,0,0,0,1,1,3,0,0,0,0
202408,91117572,-C120-M210-2,Roti/ Tortilla Press,260,44.85,48.3,0,2,0,0,0,0,0,0,0,0,0,0,2,0,0,0,0
202408,91118863,c152m242,Collapsible Car Boot Organiser - 4 Pack,287.2,33.03,48.3,0,4,0,0,0,0,0,1,0,0,0,1,3,0,0,0,0
202408,91126944,~c200-m300--~!,Wedding Rhinestone Clutch Evening Bag For Women - Gold - Women,400,69,48.3,0,2,0,0,0,0,0,1,0,0,0,1,1,0,0,0,0
202408,91128726,c120m210-1-/,Huggle Hoodie Blue,320,55.2,48.3,0,0,0,0,0,1,1,1,0,0,0,1,0,0,0,0,0
202408,91131650,c90m170-b19..,2 Piece Of Adjustable Washing Machine & Fridge Base 24 Wheels Trolley - Silver,202.63,23.3,48.3,0,6,9,0,0,2,11,7,0,0,0,7,10,0,0,0,0
202408,91131999,c80m160-@-1,Manual Fruit Juicer Press,215,37.09,48.3,0,0,2,0,0,0,2,1,0,0,0,1,1,0,0,0,0
202408,91132058,~c50-m120-~1,Portable Electric LED Mosquito Killer Lamp,180,31.05,48.3,0,1,0,0,0,0,0,0,0,0,0,0,1,0,0,0,0
202408,91132167,c320m430-1,8PCS 100 LED Outdoor Solar Powered Light With Motion Sensor,500,86.25,48.3,0,2,1,0,0,0,1,1,0,0,0,1,2,0,2,0,0
202408,91132379,C100M180C104/JUJU*2,Acrylic Cosmetic Makeup Organizer Storage with Drawers - 6 Drawers,349,60.2,48.3,0,2,0,0,0,0,0,0,0,0,0,0,2,0,2,0,0
202408,91132729,~C120-m210*&,3-Seater Anti-Stain Couch / Sofa Cover,270,46.58,48.3,0,0,4,0,0,0,4,2,0,0,0,2,2,0,0,0,0
202408,91134757,~c300-m420-~^*,Bamboo Lid Bread Bin And Canister Set - Black,520,89.7,48.3,0,0,1,0,0,0,1,0,0,0,0,0,1,0,0,0,0
202408,91134866,C50M120>>24,Portable Handy Sewing Machine - Handheld Sewer,179,20.59,63.25,0,3,1,0,0,0,1,1,1,0,0,2,2,0,2,0,0
202408,91135023,c120m210-*c104,"Ultra Warm Plush Hoodie Blanket, One Size Fits all - Blue",270,46.58,48.3,0,3,0,0,0,0,0,3,0,0,0,3,0,0,0,0,0
202408,91136919,c85m165-4,Pottery Wheel & Splash Art Studio Set - Kids - Toys,220,25.3,34.5,0,4,5,0,0,0,5,4,0,0,0,4,5,0,0,0,0
202408,91141983,~C15--m85/f26,Extended Large Satin Hair Bonnet - Black - 48 cm,156.42,26.98,48.3,0,33,5,1,0,0,6,20,0,0,0,20,19,0,0,0,0
202408,91141987,!C25-m95  -3,Extended Large Satin Hair Bonnet - Brown - 48 cm,150,25.88,48.3,0,1,0,0,0,0,0,1,0,0,0,1,0,0,0,0,0
202408,91141988,!C25-m95  f26,Extended Large Satin Hair Bonnet - Navy - 48 cm,148.84,25.67,48.3,74.86,15,13,0,0,0,13,11,0,0,1,12,16,0,0,0,0
202408,91142287,c100m180-c88-1-2,"3 in 1 Steamer, Cooker and Fryer",235,40.54,48.3,0,0,2,0,0,0,2,1,0,0,0,1,1,0,0,0,0
202408,91142437,c85--m165-1,Square 20 cm - 100Pcs/Set Non-Stick Air Fryer Liners Baking Paper,215,24.73,63.25,0,1,2,0,0,0,2,0,0,0,0,0,3,0,0,0,0
202408,91144515,C168M255--3 - M,Pet Multifunctional Portable Travel Tent Enclosure outdoor House Play Pen - M,600,69,34.5,0,0,1,0,0,0,1,1,0,0,0,1,0,0,0,0,0
202408,91144847,c150m240,Lay Flat Garden hose with 7 Pattern Spray Gun -15m,347,55.87,48.3,0,1,0,0,0,0,0,0,1,0,0,1,0,0,0,0,0
202408,91144879,c150m240--b19,Mini Chocolate Fountain,363.39,41.79,63.25,0,4,9,0,0,0,9,11,0,0,0,11,2,0,0,0,0
202408,91145351,c70m150-b19-2,Smoothie & Juice Blender,180,20.7,63.25,0,1,0,0,0,0,0,1,0,0,0,1,0,0,0,0,0
202408,91146040,c55-m125-3,Aroma Air Humidifier With 7 Colour Changing Led Light - light brown,175,22.14,48.3,0,1,0,0,0,0,0,0,0,0,0,0,1,0,0,0,0
202408,91146044,C200M300**2,Massager of Neck Kneading / Neck Shoulder Massager,353.33,40.63,48.3,0,15,0,0,0,1,1,0,15,0,0,15,1,0,0,0,0
202408,91146212,c45m125-1 -DNS,Hand Therapy And Finger Exercise Stress Balls - 3 Pack,152.15,22.75,48.3,0,5,10,0,0,0,10,8,0,0,0,8,7,0,0,0,0
202408,91152748,C90M160*1,Toys and Beyond Talking Cactus - Mimic Toy for Children,210,28.98,48.3,0,2,0,0,0,0,0,0,0,0,0,0,2,0,5,0,0
202408,91163414,c55m125-3,Stress Balls Hand Exercise Therapy - Multi-colour - Pack Of 3,173,25.86,48.3,0,1,0,0,0,0,0,0,0,0,0,0,1,0,0,0,0
202408,91163893,~C85--m165&*,Pottery Wheel & Splash Art Studio Set,215,24.73,34.5,0,4,0,0,0,0,0,0,0,0,0,0,4,0,0,0,0
202408,91164896,~c70-m150-@,PVC Large Capacity Waterproof Cosmetic Bag Travel Toiletry Organizer,230,31.74,34.5,0,4,0,0,0,0,0,0,0,0,0,0,4,0,4,0,0
202408,91164900,9902162992951,2 Piece Clear Makeup Bag Travel Toiletry Organizer Set Waterproof Cosmetic Bag,230,31.74,34.5,0,2,0,0,0,0,0,1,0,0,0,1,1,0,0,0,0
202408,91169580,c70-m150-1-,Indoor Retractable Wall Mounted Clothing Line RA-1,240,41.4,48.3,0,2,1,0,0,0,1,1,0,0,0,1,2,0,0,0,0
202408,91170334,c100180*1,EF 24-105mm Camera Lens Coffee Cup set of 2,220.5,38.04,48.3,0,1,1,0,0,0,1,1,0,0,0,1,1,0,0,0,0
202408,91179495,c50m120-b21,Display Port to HDMI Adapter Cable - Black - 3 m,200,20.7,48.3,0,1,0,0,0,0,0,1,0,0,0,1,0,0,0,0,0
202408,91180423,c80m143*1,Set Of 2 Multipurpose 600ml Water Bottles With Medicine Pill Box - Blue,269,34.03,48.3,0,0,4,0,0,0,4,2,0,0,0,2,2,0,0,0,0
202408,91195102,~c170-m270_3,Training Exercising Muscle Massage Gun Body Relaxation Massager,360,53.82,48.3,0,14,0,0,0,0,0,0,0,0,0,0,14,0,0,0,0
202408,91198855,c135-m230--1--1,Adults Glow In The Dark Oversized Plush Snugit Hoodie - Grey,280,48.3,48.3,0,1,0,0,0,0,0,0,0,0,0,0,1,0,0,0,0
202408,91199898,c80m160-woo,HP Blue Pin 19.5V 3.33A Pin Laptop AC Adapter Charger,225.48,25.93,48.3,0,47,0,1,0,0,1,2,0,0,0,2,46,0,14,0,0
202408,91200177,~C85--m165*&,Pottery Wheel,215,24.73,34.5,0,2,0,0,0,0,0,0,0,0,0,0,2,0,0,0,0
202408,91202520,c140-m230-**,Loriene's Premium Oversized Sherpa Fleece Blanket Hoodie in Multi-Colors - Pitch Black,300,51.75,48.3,0,1,0,0,0,0,0,1,0,0,0,1,0,0,0,0,0
202408,91202526,c140-m230-1*.,Loriene's Premium Oversized Sherpa Fleece Blanket Hoodie in Multi-Colors - Light Grey,300,51.75,48.3,0,1,0,0,0,0,0,0,0,0,0,0,1,0,0,0,0
202408,91205725,___-c30-m100^^^,Premium Glow Sticks 100 Pieces - Bracelets Neon Light,140,19.32,48.3,0,7,0,0,0,0,0,0,0,0,0,0,7,0,7,0,0
202408,91206747,c85m165-1-/,Retractable Wall Mount Indoor/Outdoor Washing Line,227.5,39.24,48.3,139.96,12,6,0,0,0,6,5,0,0,1,6,12,0,3,0,0
202408,91207629,120-m210*(0,2 x Pizza Board - Serving Plate - Cutting Board - Premium Meranti Wood - 33.0 cm,300,51.75,48.3,0,3,1,0,0,0,1,2,0,0,0,2,2,0,0,0,0
202408,91207687,240-m350*&1,4 x Pizza Board - Serving Plate - Cutting Board - Premium Meranti Wood - 30.0 cm,480,82.8,48.3,0,2,0,0,0,0,0,0,0,0,0,0,2,0,0,0,0
202408,91216398,c`70-M150-(,Stainless Steel Kitchen Expandable Dish Drain Rack,200,34.5,48.3,0,3,0,0,0,0,0,1,0,0,0,1,2,0,0,0,0
202408,91217625,480-640-~``,8x Pizza Board - Serving Plate - Cutting Board - Premium Meranti Wood - 30.0 cm,750,129.38,48.3,0,0,2,0,0,0,2,2,0,0,0,2,0,0,0,0,0
202408,91217626,~c480-m640-==(*,8x Pizza Board - Serving Plate - Cutting Board - Premium Meranti Wood - 33.0 cm,800,138,54.05,0,1,0,0,0,0,0,0,1,0,0,1,0,0,2,0,0
202408,91217628,~c360--m500~4,6x Pizza Board - Serving Plate - Cutting Board - Premium Meranti Wood - 30.0 cm,800,138,48.3,0,2,0,0,0,0,0,0,0,0,0,0,2,0,0,0,0
202408,91217629,~c360-m500~`5,6x Pizza Board - Serving Plate - Cutting Board - Premium Meranti Wood - 33.0 cm,950,163.88,48.3,0,0,0,0,0,0,0,0,0,0,0,0,0,0,0,1,0
202408,91218646,C40M110--1,Digital Alarm Clock with LED Colour Change,145,25.01,48.3,0,1,0,0,0,0,0,0,0,0,0,0,1,0,0,0,0
202408,91218769,c35m105-t20-9,Protein Shaker and Drinking Bottle - Purple / Black,155,26.74,48.3,0,3,0,0,0,0,0,0,0,0,0,0,3,0,3,0,0
202408,91218804,c250m350-dra-1,Pruchef - 3-Layer Encapsulated Bottom Stainless Steel Cookware Set - 8 Pcs,424.52,73.23,48.3,0,21,8,0,0,2,10,10,0,0,0,10,21,0,0,0,0
202408,91218809,~c110-m`190-~,Pruchef - 3 Piece Reversible Cutting Chopping Board with Handles - Black,247.14,42.63,48.3,0,4,0,0,0,0,0,4,0,0,0,4,0,0,0,0,0
202408,91218811,--c110m190--1,Pruchef - 3 Piece Reversible Cutting Chopping Board with Handles - Grey,240,41.4,48.3,0,2,0,0,0,0,0,2,0,0,0,2,0,0,0,0,0
202408,91229211,-c185m285-2,Mini Garden Grass Trimmer,390,62.79,48.3,278.91,2,0,0,0,0,0,0,0,0,1,1,1,0,0,0,0
202408,91230454,V@C10-M80-,Lilo & Stitch Keychain,150,20.7,48.3,0,0,2,0,0,0,2,2,0,0,0,2,0,0,0,0,0
202408,91231280,-c100m180--1,2-In-1 Water Bottles With Daily Pill Holders - Blue Pack Of 2,210,26.57,48.3,0,2,0,0,0,0,0,0,0,0,0,0,2,0,0,0,0
202408,91232877,c130--m220-2,"Hoodie, Ultra Plush Blanket, One Size Fit All - Grey",350,60.38,48.3,0,4,0,0,0,0,0,0,0,0,0,0,4,0,0,0,0
202408,91234351,c185m285-yo-4,Baby Play Gym Piano Fitness Rack Mat,340,46.92,48.3,0,0,2,0,0,0,2,0,0,0,0,0,2,0,0,0,0
202408,91242854,c90m170---1-2,Adjustable Washing Machine Base Trolley,290,33.35,48.3,0,2,0,0,0,0,0,0,0,0,0,0,2,0,2,0,0
202408,91245725,C280M390-C98-1,Smart Wall Digital Calendar and Display LED Clock,395,68.14,48.3,0,5,3,0,0,0,3,1,0,0,0,1,7,0,0,1,0
202408,91245976,~C400-m540**!2,Large White Professional Aluminium Make-Up Cosmetic Case,750,103.5,34.5,0,0,1,0,0,0,1,1,0,0,0,1,0,0,0,0,0
202408,91253675,c45-m115-.-1,"Sweat Waist Trainer Corset Trimmer, Lower Belly Fat Workout Sport Girdle - Black - M",164.42,28.36,48.3,0,26,66,3,0,0,69,53,0,0,0,53,42,0,5,0,0
202408,91253676,c45-m115-.-2,"Sweat Waist Trainer Corset Trimmer, Lower Belly Fat Workout Sport Girdle - Black - L",149.56,25.8,48.3,75.46,21,2,1,0,0,3,22,0,0,1,23,1,0,1,0,0
202408,91253677,c45-m115-.-5,"Sweat Waist Trainer Corset Trimmer, Lower Belly Fat Workout Sport Girdle - Black - XL",160,27.6,48.3,0,5,1,0,0,0,1,5,0,0,0,5,1,0,0,0,0
202408,91253678,c45-m115-.-14,"Sweat Waist Trainer Corset Trimmer, Lower Belly Fat Workout Sport Girdle - Black - 2XL",152.5,26.31,48.3,0,1,0,0,0,0,0,0,0,0,0,0,1,0,0,0,0
202408,91253679,c45-m115-.-3,"Sweat Waist Trainer Corset Trimmer, Lower Belly Fat Workout Sport Girdle - Black - 3XL",157.65,27.19,48.3,0,7,0,1,0,0,1,7,0,0,0,7,1,0,0,0,0
202408,91254116,c75m155-1-56,10L Silicone Collapsible Household Bucket Space Saving Bucket,205,18.86,23,0,1,0,0,0,0,0,0,0,0,0,0,1,0,0,0,0
202408,91255968,c360m490//c104,Folding Computer Desk HS-302,644.44,74.11,48.3,0,1,9,0,0,0,9,4,0,0,0,4,6,0,0,1,0
202408,91265827,c260m380-b19-2,Professional Zoom Paint Spray,440,70.84,48.3,0,5,0,0,0,0,0,0,1,0,0,1,4,0,4,0,0
202408,91265963,c210m320-1,New Heat-resistant Double Wall Glass Cup Beer Espresso Coffee Cup- Set of 6,390.59,67.38,48.3,0,1,0,0,0,0,0,0,0,0,0,0,1,0,1,0,0
202408,91266598,c140-m230--c98-4,Digital Diamond Gemstone Selector Tester,290,33.35,48.3,0,1,1,0,0,0,1,1,0,0,0,1,1,0,0,0,0
202408,91271247,~C80-m=160__~,Belt Leather Handbag - Red & White,260,44.85,48.3,0,0,1,0,0,0,1,1,0,0,0,1,0,0,0,0,0
202408,91273274,c45m115-1-1,Home Steel Engravable Salt and Pepper Grinders,165,28.46,48.3,0,1,2,0,0,0,2,1,0,0,0,1,2,0,0,0,0
202408,91278896,c220m320@--1,Rearview Mirror Dual Channel DVR Camera Recorder Dash Cam,348.57,48.1,48.3,252.16,7,7,0,0,0,7,11,0,0,1,12,2,0,3,0,1
202408,91286643,C60M140<>1,Set of 3 Click & Seal Fresh Keeping Food Storage Box Refrigerator Organizer - Blue,290,50.03,48.3,0,1,0,0,0,0,0,0,0,0,0,0,1,0,0,0,0
202408,91312060,c235-345m,Pop-Up Mobile USB DVD-RW External Optical Drive,395,36.34,48.3,0,3,0,0,0,0,0,1,0,0,0,1,2,0,0,0,0
202408,91312077,C18-m89-)@!5,Silicone Heel Anti Crack Pain Reliever Socks - 2 Pairs,139,19.18,34.5,0,1,0,0,0,0,0,0,0,0,0,0,1,0,0,0,0
202408,91315602,c125m215-3.,Portable Stylish BPA Free Water Bottle with Adjustable Shoulder Strap - Purple - 11.0 cm,270,46.58,48.3,0,0,1,0,0,0,1,1,0,0,0,1,0,0,0,0,0
202408,91328267,~c80-m160_=,Crystal Embellished Multi Pouch Crossbody Bag Shoulder Bag with Coin Pouch - Black - Women,210,36.23,48.3,0,3,2,0,0,0,2,4,0,0,0,4,1,0,0,0,0
202408,91338981,+`C22-M92,Hot Water bottle High density rubber Camping or Winter - Red,145,16.68,63.25,0,3,0,0,0,0,0,3,0,0,0,3,0,0,0,0,0
202408,91339179,c100m180/b52/1,Laptop Stand Desk Foldable - Pink,280,32.2,48.3,0,1,0,0,0,0,0,0,0,0,0,0,1,0,0,0,0
202408,91341347,*~c70-m150)~1,Shoe Pouch - Grey,210,36.23,48.3,0,1,0,0,0,0,0,0,0,0,0,0,1,0,1,0,0
202408,91347217,c35m155-1,100 Sheets Air Fryer Pad Paper 16cm x 45cm,200,34.5,48.3,0,2,0,0,0,0,0,0,2,0,0,2,0,0,0,0,0
202408,91350373,~@c95-m175~,HP Laptop replacement charger Blue pin,259.56,41.79,48.3,0,7,0,0,0,0,0,1,0,0,0,1,6,0,0,0,0
202408,91351764,c80--m-160-1,Solar Powered Fountain,210,33.81,48.3,0,5,0,0,0,0,0,0,0,0,0,0,5,0,6,0,0
202408,91352554,c95-m175-1,"Flame Air Diffuser, Humidifier - Black",280,35.42,48.3,0,0,2,0,0,0,2,2,0,0,0,2,0,0,0,0,0
202408,91353135,_)~C130-m220~,LED Flat Plastic Par Light,350,40.25,48.3,0,2,0,0,0,0,0,0,0,0,0,0,2,0,0,0,0
202408,91353155,c120m210-2-,700ml White Soap Dispenser,290,50.03,34.5,0,1,0,0,0,0,0,0,0,0,0,0,1,0,0,0,0
202408,91353584,c185-/285*#12,16 Jar Rotating Stainless Steel Spice Rack,300,51.75,48.3,0,1,0,0,0,0,0,0,0,0,0,0,1,0,0,0,0
202408,91354676,.c40m110..,4 Pack Triangle Bed Sheet Grippers - Secure Fit & No More Slipping Sheets,146,25.19,48.3,0,1,0,0,0,0,0,0,0,0,0,0,1,0,0,0,0
202408,91355051,c160m250c98**,Electric Juicer Citrus Squeezer HG-615G,499,57.39,63.25,0,4,7,0,0,0,7,8,0,0,0,8,3,0,0,0,0
202408,91358698,C260M380-2. ,BB Kids Educational Learning Laptop - Blue,480,66.24,48.3,0,5,0,0,0,0,0,0,0,0,0,0,5,0,5,0,0
202408,91360795,c41m111-1,Rubber Hot Water Bottle With Cover,160,18.4,63.25,0,2,0,0,0,0,0,1,0,0,0,1,1,0,0,0,0
202408,91372839,c120m210*2*DNS,700ml Wall Mounted Automatic Soap Dispenser,312.7,53.94,34.5,0,4,2,0,0,0,2,4,0,0,0,4,2,0,0,0,0
202408,91373153,c110m190-a10-3,Aroma Diffuser Humidifier,281,35.55,48.3,0,2,0,0,0,0,0,0,0,0,0,0,2,0,0,0,0
202408,91373670,c280m390>3,Large Digital Calendar LED Display Wall Clock,432.75,74.65,48.3,0,10,10,2,0,0,12,14,0,0,0,14,8,0,3,0,0
202408,91375938,c220m320--1-1,Set of 2 Human Body Induction 30W LED Solar Light AB-TA103,490,56.35,63.25,0,2,0,0,0,0,0,0,0,0,0,0,2,0,0,0,0
202408,91379434,c70-m150-m-1c98-,1Lt Elegant Glass Measuring Jug,210,36.23,48.3,0,1,0,0,0,0,0,0,0,0,0,0,1,0,0,0,0
202408,91382931,~c320-m430-~@,Deluxe Tool Play Set -Pretend Play Luggage Tool Kit for Kids with Suitcase,600,82.8,48.3,0,1,0,0,0,0,0,0,0,0,0,0,1,0,0,0,0
202408,91384764,c390m500-2-1,"Sofa Covers 3, 2 and 1 Seater - Burgundy",590,101.78,48.3,0,3,0,0,0,0,0,2,0,0,0,2,1,0,1,0,0
202408,91389281,c350m480**,Gold Cutlery Set Gift Set with Knives - Forks - Spoons - Teaspoosn - Gold,600,103.5,48.3,0,0,2,0,0,0,2,2,0,0,0,2,0,0,0,0,0
202408,91392732,c70m150*1.-1*,Wooden Stationery Organizer 17 Compartment - Brown,250,43.13,48.3,0,4,0,0,0,0,0,1,0,0,0,1,3,0,0,0,0
202408,91393203,~C84-m^164^^,21cm Salt & Pepper Mill Grinder Set,220,37.95,48.3,0,1,0,0,0,0,0,1,0,0,0,1,0,0,2,0,0
202408,91420247,____c28-m98,Oil And Vinegar Dispenser Bottle 500ml,147.5,25.44,48.3,0,2,0,0,0,0,0,2,0,0,0,2,0,0,0,0,0
202408,91420815,C260M380-2,Kid's Intellective Computer,430,59.34,48.3,0,1,0,0,0,0,0,0,0,0,0,0,1,0,0,0,0
202408,91424980,c150m240.b19,2 Pack Magic Glow in the Dark Blankets - Owls & Night Sky,350,60.38,48.3,0,3,3,0,0,1,4,3,0,0,0,3,4,0,0,0,0
202408,91425746,~C60--m140---!@,Thermos Cup Stainless Insulated Mug For Home Office Car 350ml - Black,200,27.6,48.3,0,1,1,1,0,0,2,3,0,0,0,3,0,0,0,0,0
202408,91430629,c400m540-2,Set of 2 Ultrasonic Solar Powered Bird Repeller Pest Control,799,110.26,48.3,0,6,0,0,0,0,0,0,0,0,0,0,6,0,7,0,0
202408,91434840,c80--n160--1c104,Wall Mounted Kitchen Double shelf,320,55.2,48.3,0,4,0,0,0,0,0,1,0,0,0,1,3,0,0,0,0
202408,91436604,"~c80-,m160-*~~~",Womens Sports and Gym Bra - Blue - Women,210,36.23,48.3,0,1,0,0,0,0,0,1,0,0,0,1,0,0,0,0,0
202408,91437523,~C80-m160,Home Guru Rectangular Collapsible Containers - 3 Pack,221,38.12,48.3,0,17,0,0,0,0,0,2,0,0,0,2,15,0,0,0,0
202408,91443490,c65m145>1-4,Handheld Small Mini Iron - Green,340,46.92,48.3,0,1,0,0,0,0,0,0,0,0,0,0,1,0,0,0,0
202408,91445568,~C100-M180__M,Floral Insulated Lunch Bag with Shoulder Strap 6L - Pink,230,39.68,48.3,0,1,0,1,0,0,1,0,0,0,0,0,2,0,0,0,0
202408,91464174,~c80-m160(*,Heartdeco Rechargeable Bladeless Hanging Neck Fan,210,36.23,48.3,0,1,0,0,0,0,0,0,1,0,0,1,0,0,0,0,0
202408,91467185,c85m165-5,"Battery Powered Pottery Wheel - with Clay, Paint and Rhinestones",220,25.3,34.5,0,6,0,0,0,0,0,1,0,0,0,1,5,0,0,1,0
202408,91474909,-c240---m350-1-,Grey Fleece Hoodie Blanket - Glow in the Dark x 2,412.86,71.22,48.3,0,2,3,0,0,0,3,0,0,0,0,0,5,0,1,0,0
202408,91477627,c65m190-1,24 Piece Of Stretchable Universal-Fit Furniture Legs Slider & Floor Protectors,399,68.83,48.3,281.87,2,2,0,0,0,2,1,0,0,1,2,2,0,1,0,0
202408,91487903,c35m105-2,Comfy Yoga Socks - Red - Unisex,170,29.33,48.3,0,0,1,0,0,0,1,0,0,0,0,0,1,0,0,0,0
202408,91487950,~c100-m180-*&,Hestia Silicone Heat Resistant Oven Gloves - Pink,230,39.68,48.3,0,1,0,0,0,0,0,0,0,0,0,0,1,0,0,0,0
202408,91502788,c180m280-1-1,Multifunctional Pistol flash Light-534,350,60.38,48.3,0,1,0,0,0,0,0,0,1,0,0,1,0,0,0,0,0
202408,91505565,c32m102-1,Ultrasonic Cleaning Machine High Frequency Glasses Jewelry Coin Cleaner,151.63,13.95,23,0,11,1,0,0,0,1,2,0,0,0,2,10,0,0,0,0
202408,91511594,c65m145>1-5,Flat Mini Iron,250,34.5,48.3,0,3,0,0,0,0,0,0,0,0,0,0,3,0,0,0,0
202408,91518465,c120-m210-`4,Pure Posture Orthopedic Pressure Relief Seat Cushion,300,44.85,48.3,0,1,0,0,0,0,0,0,0,0,0,0,1,0,0,0,0
202408,91518799,c300-m420.c104,Heavy Duty Electric Paint Sprayer Gun - Red - 800ml,470,54.05,48.3,0,5,3,0,0,0,3,3,0,0,0,3,5,0,1,0,0
202408,91530387,C280-m390#5,Large Digital LED Oversized Wall Clock With Date & Temperature,459.97,79.35,48.3,332.33,34,32,0,0,0,32,41,0,0,1,42,24,0,2,1,2
202408,91530996,c30m100---1,Cube Ice Maker,140,16.1,63.25,0,1,1,0,0,0,1,1,0,0,0,1,1,0,0,0,0
202408,91531578,c250m370**,IH-Quality Stainless Steel Double Tray Chafing Dish - Food Warmer,500,86.25,63.25,0,2,0,0,0,0,0,2,0,0,0,2,0,0,0,0,0
202408,91532451,c38m70*,"Pepper Grinder, Spice Mills, Portable, Handy, Stainless Steel Silver",119,20.53,48.3,0,1,0,0,0,0,0,0,0,0,0,0,1,0,0,0,0
202408,91545648,c80m160>>2,Electronic Automatic Fly catcher pest control,260,35.88,48.3,0,2,0,0,0,0,0,0,2,0,0,2,0,0,0,0,0
202408,91551082,c140-m230--c98-1,Portable Digital Diamond Gemstone Selector Tester,280.24,32.23,48.3,0,9,9,0,0,0,9,10,0,0,0,10,8,0,0,0,0
202408,91556900,~c90-170(*),Solar Lawn Lamp Jellyfish 2 Pieces - White,176.73,28.45,48.3,0,16,0,0,0,0,0,0,0,0,0,0,16,0,0,0,0
202408,91558831,"~C60-,m140)(*",Citrus Juicer Squeezer Electric Rechargeable Machine (Juicer),200,23,63.25,0,32,0,0,0,0,0,0,12,0,0,12,20,0,2,0,1
202408,91562351,c236m345-1,8 Pack Gogooda Foldable Storage Cubes for Cupboard Shelf Closet,450,77.63,48.3,0,1,0,0,0,0,0,0,0,0,0,0,1,0,0,0,0
202408,91589645,C78M150**,DIY Nail Art /Manicure Kit with Dryer for Girls– Nail Glam Saloon,220,35.42,34.5,0,6,0,0,0,0,0,1,0,0,0,1,5,0,0,0,0
202408,91593782,@!65-M145~1,Mini Portable Travel Steam Iron,195,17.94,48.3,0,1,0,0,0,0,0,1,0,0,0,1,0,0,0,0,0
202408,91597057,c150m240/-3,Car LED Spot Light Working Light Round 27W - 2 Piece,290,33.35,48.3,0,0,2,0,0,0,2,1,0,0,0,1,1,0,0,0,0
202408,91604345,c280m390-*-3,"Electric Heating Infrared Foot Massager BB-50 - Black - Men, Women, Junior, Boys, Girls, Unisex, Youth",450,51.75,48.3,0,2,0,0,0,0,0,0,0,0,0,0,2,0,2,0,0
202408,91618457,c80m160><><2,Shelf Desktop Pen Holder Organizer - Brown,240,27.6,34.5,0,2,0,0,0,0,0,0,1,0,0,1,1,0,1,0,0
202408,91618459,c80m160><><!,Shelf Desktop Pen Holder Organizer - Black,240,27.6,34.5,0,1,0,0,0,0,0,0,0,0,0,0,1,0,0,0,0
202408,91644828,c220-m320,Usb 3.0 to Hdmi+vga Video Adapter,383.67,30.89,48.3,0,17,0,0,0,0,0,0,15,0,0,15,2,0,1,1,0
202408,91645401,c45m115>9,Multifunctional Trouser Hanger,190,32.78,48.3,0,1,0,0,0,0,0,0,0,0,0,0,1,0,0,0,0
202408,91647538,c95m175--1big,Plastic Drawer Organizer Collapsible Storage Boxes Crate Picnic Basket 45CM - Grey - 42 cm,240,41.4,48.3,0,10,0,0,0,1,1,0,1,0,0,1,10,0,1,2,1
202408,91648976,c210m295,Stainless Steel Electric Wine Aerator Pourer with Base,430,74.18,48.3,0,1,0,0,0,0,0,0,0,0,0,0,1,0,0,0,0
202408,91649180,c90m170...,Replacement Laptop Charger For Acer New 19V 3.42A (3.0 x 1.1MM),246.86,39.74,48.3,0,9,15,0,0,1,16,13,0,0,0,13,12,0,0,0,0
202408,91649757,c70--m150--1-4,Multifunctional Wall Mounted Hair Dryer Holder Storage Organizer - Grey,195,33.64,48.3,0,0,1,0,0,0,1,1,0,0,0,1,0,0,0,0,0
202408,91685941,c120--m260---2,98 Pieces Steel Twist Drill Bit Set,338.75,38.96,48.3,0,5,0,0,0,0,0,5,0,0,0,5,0,0,0,0,0
202408,91686385,c65m145>1-1,Mini Electric Dry Ironing with Spray Machine,200,27.6,48.3,0,1,0,0,0,0,0,0,0,0,0,0,1,0,0,0,0
202408,91690596,c144m280*,Large Foldable Storage Zip Bag Organizer with Handles & Clear Window - Grey - 4,330,56.93,48.3,0,5,2,0,0,0,2,0,0,0,0,0,7,0,0,0,0
202408,91703503,c6m65-3,Leaf Shaped Soap Holder - Grey,140,24.15,34.5,0,2,0,0,0,0,0,0,0,0,0,0,2,0,0,0,0
202408,91716026,c220m390-1-*,7 - Food Storage Containers Airtight with Lock Lids,500,86.25,48.3,0,2,0,0,0,0,0,0,0,0,0,0,2,0,3,0,0
202408,91716604,~C60--M140*&^,Office Trash Can - Black,190,30.59,48.3,0,1,3,0,0,0,3,1,0,0,0,1,3,0,0,0,0
202408,91735246,c450m600--1,Rechargeable Electric Nail Drill Machine - Silver,680,109.48,34.5,0,3,1,0,0,0,1,2,0,0,0,2,2,0,0,0,0
202408,91746777,~C100-M180-!1,Comfy Plush Baby Sofa Chair for Sitting Up - pink brown,233,37.51,34.5,0,0,1,0,0,0,1,1,0,0,0,1,0,0,0,0,0
202408,91746866,"C100-,M180-",High Quality Salt and Pepper Grinder,300,34.5,63.25,0,1,0,0,0,0,0,0,0,0,0,0,1,0,2,0,0
202408,91747774,c54m124-bella-3,Multi-functional Stainless Steel Potato Masher,190,32.78,48.3,0,1,0,0,0,0,0,0,1,0,0,1,0,0,0,0,0
202408,91747811,@C98-M180-1-!,Small Rechargeable USB Portable Clip on Mini Desk and Table Fan,232.78,26.77,63.25,0,11,0,0,0,0,0,0,10,0,0,10,1,0,1,0,0
202408,91766885,C50M120>>8,Magic hand Sewing Machine,170,19.55,63.25,0,6,0,0,0,0,0,0,0,0,0,0,6,0,6,0,0
202408,91777046,c800m1020-4,Non-Stick 10 Pieces Die-Cast Aluminum Set - Black,1300,224.25,63.25,0,0,2,0,0,0,2,1,0,0,0,1,1,0,0,0,0
202408,91783456,c260m380.-1,Kitchen Air Fryer Accessories,700,80.5,63.25,0,1,0,0,0,0,0,0,0,0,0,0,1,0,1,0,0
202408,91804170,~C30-m100_8!f26,3 Nozzle Rotating Garden Water Sprinkler,150,24.15,48.3,0,2,0,0,0,0,0,1,0,0,0,1,1,0,2,0,0
202408,91808613,C350-m480*1,QSB Super Barbeque Griller Electric Pan,690,79.35,63.25,0,0,1,0,0,0,1,1,0,0,0,1,0,0,0,0,0
202408,91812345,c800m1020-2,Die-Cast Aluminum Set Non-Stick 10 Pieces - Black,1400,241.5,48.3,0,4,0,0,0,0,0,0,0,0,0,0,4,0,0,0,0
202408,91812346,c800m1020-2.,Die-Cast Aluminum Set Non-Stick 10 Pieces - Brown,1140,196.65,48.3,0,1,0,0,0,0,0,0,0,0,0,0,1,0,0,0,0
202408,91824176,c20--m90-1,360 Degree Stainless Steel Flexible Faucet Sprayer - SD,197,33.98,34.5,0,0,2,0,0,0,2,1,0,0,0,1,1,0,0,0,0
202408,91842567,C200M300/3,Astonishingly Comfortable Cool Pillow,350,60.38,48.3,0,1,1,0,0,0,1,1,0,0,0,1,1,0,0,0,0
202408,91853490,2~116-m210**&,1L Thermal Vacuum Flask Jug With Wooden Handle - Black,290,50.03,48.3,191.68,4,0,0,0,0,0,0,0,0,1,1,3,0,0,0,4
202408,91854087,c480m640...,Maisonware 14 Airtight Pantry Food Storage Containers with Easy Lock Lids,900,155.25,48.3,0,0,1,0,0,0,1,0,0,0,0,0,1,0,0,0,0
202408,91856198,c220m390-1-4,Pruchef – 7-Piece Kitchen Food Storage Container Set with Stickers & Pen,480,82.8,48.3,0,1,0,0,0,0,0,0,1,0,0,1,0,0,0,0,0
202408,91883051,c22m92-1,Hdmi To vga Cable 1080P ( 14Cm) - Black,87,7,48.3,0,0,2,0,0,0,2,1,0,0,0,1,1,0,0,0,0
202408,91891477,~C160-M250* ,Rhinestone Waist Fashion Women Chest Crossbody Fanny Pack Bag - Silver / Black - Women,350,60.38,48.3,0,2,0,0,0,0,0,0,0,0,0,0,2,0,0,0,0
202408,91903216,~c90-m170*(),Rhinestone Waist Fashion Women Chest Crossbody Fanny Pack Bag - Silver - Women,350,60.38,48.3,0,0,5,0,0,0,5,2,0,0,0,2,3,0,0,0,0
202408,91903217,~c160-M250&*,Rhinestone Waist Fashion Women Chest Crossbody Fanny Pack Bag - Black - Women,350,60.38,48.3,0,1,3,1,0,1,5,4,0,0,0,4,2,0,0,0,0
202408,91923149,c102-185--1,Pract Pack – 3 Pieces Large Capacity Heavy Duty Clothes Storage Bags – Grey,330,56.93,48.3,0,0,2,0,0,0,2,1,0,0,0,1,1,0,0,0,0
202408,91923165,c99m180-2DNS,Large Storage Bags Organizer for Clothes Blanket Bedding Set of 3,186.66,32.2,48.3,0,18,11,0,0,3,14,29,0,0,0,29,3,0,0,0,0
202408,91927309,c45m115>5--1,Home Ice Ball Maker For Party Kitchen Mold Whisky Cocktail Ice Box - Set Of 3,300,34.5,63.25,0,2,0,0,0,0,0,0,2,0,0,2,0,0,0,0,0
202408,91932320,--c110m190--2,Kitchen Plastic Cutting Board Chopping Board - 3 Piece Set,225,38.81,48.3,689.44,11,0,0,0,0,0,0,0,0,5,5,6,0,0,0,0
202408,91937145,~c!00-M200-,Unisex Adult Rhinestone Shoulder Bag Chain Crossbody Bucket Handbag Purse - Black - Women,250,43.13,48.3,0,0,1,0,0,0,1,0,0,0,0,0,1,0,0,0,0
202408,91937623,c115m190--1,Health Pain Relief Vertebrae Neck Relaxer & Magnetotherapy Back Stretcher - Blue,430,64.29,48.3,0,3,0,0,0,1,1,0,0,0,0,0,4,0,0,0,0
202408,91939231,C190M290-3.,Super 7 speed Electric Hand Mixer With Stainless Bowl,330,56.93,48.3,0,1,0,0,0,0,0,0,0,0,0,0,1,0,1,0,0
202408,91960243,260-*m380**,Playful Panda Bubble Blowing Kids Lawn Mower Toy - Set of 2,460,63.48,48.3,0,1,0,0,0,0,0,0,0,0,0,0,1,0,0,0,0
202408,91961922,c100m180////,Replacement Laptop Charger For Lenovo USB Pin 65w,205.25,23.6,48.3,0,14,13,1,0,0,14,18,0,0,0,18,10,0,3,4,0
202408,91968589,c90--m170-6,Comfortable Egg Sitter Support Cushion,220,25.3,48.3,0,1,0,0,0,0,0,0,0,0,0,0,1,0,0,0,0
202408,91997122,~C28-M98-~=,Oil Spray Mister Dispenser Bottle 200ml - Black - 20.5 cm,161.67,27.89,48.3,0,1,0,0,0,0,0,1,0,0,0,1,0,0,0,0,0
202408,92034980,9902095941224,Oil Spray Bottle for Cooking,190,32.78,48.3,0,1,0,0,0,0,0,1,0,0,0,1,0,0,0,0,0
202408,92038949,c89m169-2,Advanced Insulated Lunch Bag,228.4,39.4,48.3,0,2,19,0,0,0,19,13,0,0,0,13,8,0,0,0,0
202408,92043800,C78M150#,Girls Nail Polish Art Set Peel Off Makeup Kids Manicure Toy Fast Drying,220,35.42,34.5,0,0,2,0,0,0,2,1,0,0,0,1,1,0,0,0,0
202408,92044701,~c150-M240*,Multifunctional Camping Storage Basket Collapsible All-In-1 Picnic Basket,314,54.17,48.3,0,2,0,0,0,0,0,0,0,0,0,0,2,0,0,0,0
202408,92046932,c110m190/-1,Triangle Clothes Rack -Moveable - Black,240,41.4,63.25,406.05,23,2,0,0,0,2,6,0,0,3,9,16,0,0,0,0
202408,92046934,c110m190/b19-2,Triangle Clothes Rack -Moveable - White,251.67,43.41,48.3,0,3,12,0,0,4,16,9,0,0,0,9,10,0,0,1,0
202408,92054361,c250m380**,Stainless Steel Cookware - 8-Piece Set,430,74.18,48.3,0,8,0,0,0,0,0,0,0,0,0,0,8,0,0,0,0
202408,92080206,c70m150-b19-10,USB Rechargeable Mini Portable Electric Fruit Juicer Blender Smoothie Maker,200,23,63.25,0,3,0,0,0,0,0,0,0,0,0,0,3,0,0,0,0
202408,92080568,--C330M440--1,102cm Safety Bed Guard Rail For Toddlers - 8049,780,125.58,34.5,0,1,0,0,0,0,0,0,0,0,0,0,1,0,0,0,0
202408,92081444,c75m155-b44,Professional Precision Screw Driver Set for Gadgets and Electronics,242.3,27.86,48.3,0,14,9,0,0,0,9,17,0,0,0,17,6,0,0,0,0
202408,92089693,c70m150-f08-1,Rechargeable crystal table lamp - QD001,213.6,36.85,48.3,0,27,6,0,0,2,8,19,0,0,0,19,16,0,0,0,2
202408,92100375,c70-150m-3,Knee Support Brace Unisex x 2 - XL,220,32.89,48.3,0,4,0,0,0,0,0,0,4,0,0,4,0,0,0,0,0
202408,92100508,c720m920-c88,3 Classic Mini Table Top Games - Air Hockey - Foosball - Pool Table,1425,196.65,63.25,0,0,2,0,0,0,2,2,0,0,0,2,0,0,1,0,0
202408,92149870,c80-m150-,High Quality Grill Pan With Attractive Grill Marks & Gauge Deluxe Handle,299,51.58,48.3,0,1,1,0,0,0,1,1,0,0,0,1,1,0,0,0,0
202408,92154163,~C50-m120^%,Lightweight Raincoat - Pack of 2 - Pink & white lightweight raincoat pack,190,21.85,48.3,0,2,0,0,0,0,0,2,0,0,0,2,0,0,0,0,0
202408,92154168,30-m100,Lightweight Raincoat - Pack of 2 - White & Yellow lightweight Raincoat pack,165,18.98,48.3,0,0,10,0,0,1,11,6,0,0,0,6,5,0,0,0,0
202408,92160253,C76M145-1-1,Cartoon Mini Ice Cream Maker Fried Yogurt Machine - Pink,195,22.43,63.25,0,0,4,0,0,0,4,2,0,0,0,2,2,0,0,0,0
202408,92160717,40c-100m#,Soft and Foamy Newborn Baby Sleeping Pillow - Pink,176.67,28.44,34.5,0,0,5,0,0,0,5,3,0,0,0,3,2,0,0,0,0
202408,92175256,c45.m115//b19*2,Fun Singing Baby Shark Doo Doo Doo Stuffed Soft Toy For Toddlers - Blue,158.1,21.82,48.3,0,6,20,0,0,0,20,14,0,0,0,14,12,0,2,1,0
202408,92175257,c45.m115//b19,Fun Singing Baby Shark Doo Doo Doo Stuffed Soft Toy For Toddlers - Pink,147.56,20.36,48.3,0,13,27,0,0,0,27,26,0,0,0,26,14,0,0,0,0
202408,92175297,~c%c60-m140-~1,Foldable Led Magnifying Make up Mirror,190,30.59,34.5,0,2,0,0,0,0,0,0,0,0,0,0,2,0,0,0,0
202408,92274448,c120m210..--17,7 Colours LED Portable Air Cooler Fan - White,305.8,52.75,48.3,0,5,0,0,0,0,0,0,5,0,0,5,0,0,0,0,0
202408,92274450,c120m210..--6,7 Colours LED Portable Air Cooler Fan - Black,298.14,51.43,48.3,0,3,0,0,0,0,0,0,0,0,0,0,3,0,4,0,0
202408,92276005,C195M290--2,Kids Fingerprint Piggy Bank Armored Truck - Black,350,48.3,48.3,0,2,0,0,0,0,0,0,0,0,0,0,2,0,0,0,0
202408,92278448,c90m170-c104-1,Frozen Magic Slushy Cup Large - 300ml - Blue,210,28.98,48.3,0,2,0,0,0,0,0,1,0,0,0,1,1,0,0,0,0
202408,92280048,c40m160*.,Cartoon Pig Shaped Kitchen Best Trader Cooking Timer Countdown Clock,200,34.5,48.3,0,0,1,0,0,0,1,1,0,0,0,1,0,0,0,0,0
202408,92301675,c100m168*,Solar Powered Multifunctional Garden Fountain Water Pump,218,35.1,48.3,0,1,0,0,0,0,0,0,0,0,0,0,1,0,0,0,0
202408,92397864,-C30M100--1,Portable Silicone Ice Cube Maker IF-10,180,31.05,48.3,0,1,0,0,0,0,0,0,0,0,0,0,1,0,1,0,0
202408,92398991,c151-m240-1flora,Cosmetic Makeup Organizer Wih Removable Mirror DC-200,300,51.75,48.3,199.95,1,0,0,0,0,0,0,0,0,1,1,0,0,2,0,0
202408,92410442,c185-m335-22 -*2,Cake Decorating Tools 66 Pieces,369,63.65,48.3,0,3,0,0,0,0,0,0,3,0,0,3,0,0,0,0,0
202408,92410726,c62m145-1,4 In 1 Non-Stick Breakfast Frying Pan,198,34.16,48.3,0,0,1,0,0,0,1,0,0,0,0,0,1,0,0,0,0
202408,92419578,c245m355,Solar Outdoor Pest Repeller NY-2002,508.5,70.17,48.3,0,1,0,0,0,0,0,0,0,0,0,0,1,0,0,0,0
202408,92419725,c100-170*,"Light Solar Panel Charging Mobile Devices-For Camping, At Home, Outdoors",399,50.47,48.3,0,0,3,0,0,0,3,2,0,0,0,2,1,0,0,0,0
202408,92509153,c250-m250-1,Mini USB Rechargeable Torch Flashlight with Zoom and Side Light - 5 Pack,300,51.75,48.3,0,7,0,0,0,0,0,0,0,0,0,0,7,0,0,0,0
202408,92511817,~c140-m230_!,26L Hot &Cold Large Capacity Insulated Picnic Basket - The Wave,400,46,48.3,0,1,0,0,0,0,0,0,0,0,0,0,1,0,0,0,0
202408,92512213,c120m210@-1-1,"Portable Personal Air Conditioner with Ice Tray, Small Room, Office - White",338,38.87,63.25,0,1,0,0,0,0,0,0,0,0,0,0,1,0,1,0,0
202408,92512785,~C150-M240-(*,Miraculous Ladybug Costume - 9-10 Years,550,75.9,48.3,0,5,0,0,0,0,0,3,0,0,0,3,2,0,1,1,0
202408,92517409,~C95-m175&^~,3D Flame Aroma Diffuser USB Air Humidifier - White,240,30.36,48.3,0,3,0,0,0,0,0,1,0,0,0,1,2,0,0,0,0
202408,92517410,~C95-m175(0(,3D Flame Aroma Diffuser USB Air Humidifier - Black,240,30.36,48.3,0,0,2,0,0,0,2,1,0,0,0,1,1,0,0,0,0
202408,92522461,~c97--m177^%$,Heart Shape with Sliver Glitter Gift Boxes - Set of 3,228,26.22,34.5,0,3,0,0,0,1,1,0,0,0,0,0,4,0,0,0,0
202408,92591083,-c60-m140*1-,Talking Flash Cards for Children-Pictures and Audible Words Educational Toy - Blue,190,26.22,48.3,0,1,4,0,0,0,4,2,0,0,0,2,3,0,0,0,0
202408,92602102,c50--m170**,Washing Machine Toy for Kids,220,30.36,48.3,0,2,0,0,0,0,0,0,0,0,0,0,2,0,2,0,0
202408,92602243,#c52-m122~!1,Set of 2 - White & Black Foldable HD Smartphone Enlarged Screen Magnifiers,185,29.79,48.3,0,1,0,0,0,0,0,0,0,0,0,0,1,0,0,0,0
202408,92602473,c57m130--3,BPA Free - Square Lunchbox with 350ml Water Bottle - Blue,190,26.22,48.3,0,1,1,0,0,0,1,1,0,0,0,1,1,0,0,0,0
202408,92607846,C220M-320=-1,Set of 4 LED Solar Burglar Warning Alarms Q-666-3,399,45.89,63.25,0,4,0,0,0,0,0,2,0,0,0,2,2,0,0,0,0
202408,92670127,c298m415-1,Set of 5 Stainless Steel Mixing Bowls Stackable Bowl with Silicone Lids,500,86.25,48.3,0,1,0,0,0,0,0,0,0,0,0,0,1,0,0,0,0
202408,92671705,c70m150*1,Professional & Adjustable Hair Clipper,189,21.74,34.5,0,1,0,0,0,0,0,0,1,0,0,1,0,0,4,0,0
202408,92671982,9902143172150,Pizza Storage Container with 5 Microwavable Serving Trays Reusable - Orange,150,25.88,48.3,0,9,0,0,0,0,0,0,4,0,0,4,5,0,5,0,0
202408,92672865,c100m180-c98-.4,Portable Air Conditioner Fan Q-Z101,314.27,54.21,48.3,0,9,0,0,0,0,0,0,0,0,0,0,9,0,9,0,0
202408,92675274,~c60M140-1,H2o Children's Water Slip and Slide - 480x70cm,230,31.74,48.3,0,5,2,0,0,0,2,3,0,0,0,3,4,0,0,0,0
202408,92676264,--c75-m155-2,500ml Anti-Drip Borosolica Glass Oil and Vinegar Dispenser Bottle - Pack of 2 - White,205,35.36,48.3,0,1,1,0,0,1,2,1,0,0,0,1,2,0,0,0,0
202408,92746410,c185m285-16,Ultra Light-Weight Rechargeable Trimmer,365,58.77,48.3,0,1,2,0,0,0,2,2,0,0,0,2,1,0,0,0,0
202408,92755331,C87-M170**-1,Generic Charger for Lenovo 20V 4.5A - Square Yellow Pin- Usb,220,35.42,48.3,0,1,0,0,0,0,0,0,0,0,0,0,1,0,0,0,0
202408,92793876,c55m125---13,Multi-Function Sewing Kit - Emerald,190,32.78,48.3,0,2,0,0,0,0,0,0,0,0,0,0,2,0,0,0,0
202408,92793877,c55m125--2.,Multi-Function Sewing Kit - White,175,30.19,48.3,0,2,0,0,0,0,0,2,0,0,0,2,0,0,0,0,0
202408,92798308,c89m169-1,Insulated Leakproof Lunch Bag with Shoulder Strap and 3 Compartments Grey,214.26,36.96,48.3,0,17,70,0,0,0,70,72,0,0,0,72,15,0,0,0,0
202408,92814739,c35m195--1,Infrared Motion Sensor Activate Door Alert Multiple Recorded Sounds,240,27.6,48.3,0,6,0,1,0,1,2,5,0,0,0,5,3,0,0,0,0
202408,92834564,c50m120>1.,Mini Ice Crusher,250,28.75,63.25,0,2,0,0,0,0,0,0,0,0,0,0,2,0,2,0,0
202408,92838697,c170m260>>>9,Astronaut Night Light Projector with Remote Control,355,40.83,48.3,0,5,0,0,0,0,0,0,5,0,0,5,0,0,0,0,0
202408,92841004,C80-m160-*!3,Stainless Steel Travel Flask 1L Drink It Up Insulated Flask Hot & Cold - Black,210,36.23,48.3,0,1,0,0,0,0,0,0,0,0,0,0,1,0,0,0,0
202408,92852775,c20m90-*--1,Elegant and Handy Rectangular Steel Frying - Chip Basket - 14 x 11 x 7cm,140,24.15,48.3,0,0,1,0,0,0,1,1,0,0,0,1,0,0,0,0,0
202408,92852776,c40m110--1-1,Elegant and Handy Rectangular Steel Frying - Chip Basket - 14 x 11 x 7cm - 2-Pack,250,43.13,48.3,0,0,2,0,0,0,2,1,0,0,0,1,1,0,0,0,0
202408,92852872,c260m430*-*1,Deluxe Tool Play Set -Pretend Play Luggage Tool Kit for Kids with Suitcase,578.57,79.84,48.3,0,1,3,0,0,0,3,0,0,0,0,0,4,0,0,0,0
202408,92880692,c26-m95-3,Manual Vegetable Pull Twister Chopper - Green,170,29.33,48.3,0,1,0,0,0,0,0,0,0,0,0,0,1,0,0,0,0
202408,92884905,c150m240*-*-1,Multifunctional Massager,340,39.1,48.3,0,0,2,0,0,0,2,1,0,0,0,1,1,0,0,0,0
202408,92886764,~c24-m94^^5,Pruchef 6 Pieces Washable Refrigerator Mats for Refrigerator Shelves Drawer,150,25.88,48.3,0,1,0,0,0,0,0,0,0,0,0,0,1,0,0,0,0
202408,92890024,C30M100#3,1200mAh USB Portable Rechargeable LED Mini Fan - Black,139,23.98,48.3,0,1,0,0,0,0,0,0,0,0,0,0,1,0,1,0,0
202408,92890031,c200m300--c98..1,2 Set of 7 Colors LED Portable Air Cooler Fan,580,100.05,48.3,0,2,0,0,0,0,0,0,1,0,0,1,1,0,1,0,0
202408,92890213,C113M185-6,7 Colour Led Portable Air Cooler Fan With Mist Spray - Black,301.84,52.07,48.3,0,6,0,0,0,0,0,0,0,0,0,0,6,0,0,0,0
202408,92894782,-c60m-140-2,Self-Stirring Coffee Mug AO-50051 - White - 1,190,32.78,48.3,0,0,3,0,0,0,3,2,0,0,0,2,1,0,0,0,0
202408,92896673,~c32-m102~&,Silver Wine Corkscrew,160,27.6,48.3,0,2,0,0,0,0,0,0,1,0,0,1,1,0,1,0,0
202408,92896812,c180m280-c104-1,2 X Slushy Maker Cup - DIY Slushy Maker - Green / Blue,390,53.82,48.3,0,1,0,0,0,0,0,0,0,0,0,0,1,0,0,0,0
202408,92925087,c32-m102-3,Nano Crystal Hair Epilator Exfoliator - Pack of 2 Silver,271.75,31.25,34.5,0,0,2,0,0,0,2,1,0,0,0,1,1,0,0,0,0
202408,92925895,c60m140**,4 -In -1 Multifunctional Car Cup Holder,180,24.84,48.3,0,0,1,0,0,0,1,0,0,0,0,0,1,0,0,0,0
202408,92938745,~c90-m170_!1,H2o Kids Water Slip and Slide - 480x70cm,220,30.36,48.3,0,2,1,0,0,0,1,3,0,0,0,3,0,0,0,0,0
202408,92940386,c200m300>>6,Non-Stick Bakeware Mold Set of 5 - Rose - 27 cm,450,77.63,48.3,0,0,2,0,0,0,2,1,0,0,0,1,1,0,0,0,0
202408,92961123,c50m120--1-1,DIY Mini Rolled Ice-Cream maker,192.5,22.14,63.25,0,1,7,0,0,0,7,7,0,0,0,7,1,0,0,0,0
202408,92967212,C140-M230-1-1,Travel Portable Iron Steamer,280,38.64,48.3,0,5,0,0,0,1,1,0,0,0,0,0,6,0,0,0,0
202408,92976776,^C50-M120-+,Rechargeable Mosquito Zapper and Fly Killer Lamp,200,34.5,48.3,0,4,0,0,0,0,0,1,0,0,0,1,3,0,0,0,0
202408,92977830,c55--m125-2,Solar Sound And Light Alarm Lamp FA-BK-666,185,21.28,63.25,0,1,0,0,0,0,0,0,1,0,0,1,0,0,0,0,0
202408,92978351,c160m250--1-4,Apple Macbook A1466 45W Replacement Laptop Charger Magsafe 2 14.85V 3.05A,420,67.62,48.3,0,0,13,0,0,0,13,8,0,0,0,8,5,0,0,0,0
202408,92981136,c198m290--1,Large Storage Bags Organizer for Clothes Blanket Bedding Set of 6,443.5,76.5,48.3,0,1,0,0,0,0,0,0,0,0,0,0,1,0,1,0,0
202408,92989993,c350m480--1-2,"Replacement Battery for HP 250 G4, 255 G4 HS03 HS04",700,80.5,48.3,0,2,0,0,0,0,0,1,0,0,0,1,1,0,0,0,0
202408,92991128,-c50-m120-1,Outdoor Anti-Theft Solar Alarm Security Infrared Motion Sensor Light,300,34.5,48.3,0,8,0,0,0,0,0,0,0,0,0,0,8,0,0,0,0
202408,92992203,C100M180**,Kath Air Disinfector Air Purifier,400,50.6,48.3,0,0,3,0,0,0,3,1,0,0,0,1,2,0,0,0,0
202408,93012111,c90m170/vb19,Extendable Appliance Rollers Moving Wheels Trolley AO-50172,190.64,21.92,48.3,120.41,0,23,0,0,0,23,11,0,0,1,12,11,0,0,0,0
202408,93012492,~c170--m260--~!,"6 Piece BPA Free Silicone Baby Feeding Set with Suction Bowl, Bib & Sippy Cup - Pink - 6-36 months",310,49.91,34.5,0,1,0,0,0,0,0,0,0,0,0,0,1,0,0,0,0
202408,93013802,c55-m130 -1-2,Soft Elastic Baby Learning Walker - Toddler Belt With Adjustable Strap - Green,190,30.59,34.5,0,1,3,0,0,0,3,2,0,0,0,2,2,0,0,0,0
202408,93015185,c250-m350-1*1,My First Balancing Bike - Pink,450,62.1,63.25,0,2,5,0,0,0,5,3,0,0,0,3,4,0,0,0,0
202408,93017048,c32-m102-2,Nano Crystal Hair Epilator Exfoliator - Pack of 2 Black,156.25,17.97,34.5,0,7,0,0,0,0,0,0,7,0,0,7,0,0,0,0,0
202408,93017666,c250m300**,Children's Educational Intellective Learning Laptop With 80 Exercises,393.33,54.28,48.3,0,8,0,0,0,0,0,0,0,0,0,0,8,0,8,0,0
202408,93023419,9902164433681,Romantic Moon Night Crystal Rechargeable Table Lamp - AO-50139,260,44.85,48.3,0,0,1,0,0,0,1,1,0,0,0,1,0,0,0,0,0
202408,93025480,C160M240*1.-1,12 Volts Portable Tire Inflator Car Air Pump With Flash Light,332.33,38.22,48.3,0,2,0,0,0,0,0,0,0,0,0,0,2,0,0,0,0
202408,93026320,c150m240.@11,Stainless Steel Airtight Coffee Container with Date Tracking - Black,300,51.75,48.3,0,2,0,0,0,0,0,0,0,0,0,0,2,0,0,0,0
202408,93026322,c150m240.@12,Stainless Steel Airtight Coffee Container with Date Tracking - Red,390,67.28,48.3,0,0,3,0,0,0,3,2,0,0,0,2,1,0,0,0,0
202408,93029760,c330-m430--1 @1,Baby Multifunctional Musical Walker With Shooting Game - Pink,600,96.6,34.5,0,2,0,0,0,0,0,0,1,0,0,1,1,0,1,0,0
202408,93029832,c110m190/-4,2 Layer Clothes Moveable Rack - White,350,60.38,48.3,0,1,0,0,0,0,0,0,0,0,0,0,1,0,0,0,0
202408,93060623,~C20-m90_2,Reusable & Foldable Pizza Slice Container Storage with Lids and Trays - White,150,25.88,48.3,0,0,1,0,0,0,1,1,0,0,0,1,0,0,0,0,0
202408,93060625,~C20-m90_!1,Reusable & Foldable Pizza Slice Container Storage with Lids and Trays - Blue,140,24.15,48.3,0,3,0,0,0,0,0,0,0,0,0,0,3,0,0,0,0
202408,93062971,c340-m430-2,Brushed Stainless Steel Mixing Bowl - Black,490,84.53,48.3,0,2,0,0,0,0,0,0,0,0,0,0,2,0,0,0,0
202408,93065839,c151-m240-1-1flo,White Make-Up Organizer with Mirror,293.33,50.6,48.3,0,2,0,0,0,0,0,0,0,0,0,0,2,0,0,0,0
202408,93077978,~c199-m~299,3L Stainless Steel Wood Pattern Handle Loud Whistling Kettles-Green,468,80.73,48.3,0,1,0,0,0,0,0,0,0,0,0,0,1,0,0,0,0
202408,93105078,c11.50m85-2,Synergy360 Birdie Lemon Fruit Squeezer juicer,135,23.29,48.3,0,5,0,0,0,0,0,0,4,0,0,4,1,0,1,0,0
202408,93107399,---c200-!c300--,Tassel Beaded Wedding Round Ball Crystal Party Evening Bag - Gold - Women,400,69,48.3,0,2,0,0,0,0,0,1,0,0,0,1,1,0,0,0,0
202408,93110451,~C130-MM220__,Vintage Style Velvet Jewelry Box - Candy Pink,350,48.3,34.5,0,3,3,0,0,0,3,1,0,0,0,1,5,0,0,0,0
202408,93111228,c70m150-b19-12,Juice Cup Portable and Rechargeable Battery Juice Blender 380ml - Green,179,20.59,63.25,0,3,0,0,0,0,0,1,0,0,0,1,2,0,0,0,0
202408,93112424,~c140-230~c98/bella,"Door Mat, 10 Pieces/Set Puzzle Carpet - Pink",300,51.75,34.5,0,1,0,1,0,0,1,0,0,0,0,0,2,0,0,0,0
202408,93112425,~c140-230~!,"Door Mat, 10 Pieces/Set Puzzle Carpet - Green",299.05,51.59,34.5,0,3,0,0,0,0,0,2,0,0,0,2,1,0,0,0,0
202408,93113898,c120m210>>>!,Kaths Handheld Portable Vacuum Cleaner UV Sterilization Dust-mite,288,33.12,63.25,191.63,2,7,0,0,0,7,2,0,0,1,3,6,0,1,1,0
202408,93114444,~!c150-m240-~,Handheld Multi-Function 2-Line Display Digital LCD Scientific Calculator - Pink,350,48.3,48.3,0,2,0,0,0,0,0,0,0,0,0,0,2,0,0,0,0
202408,93115883,c240m350*-*1c98,Frozen Meat Slicer Staniless Steel with Adjustable Blades + Suction Grips,484.6,83.59,48.3,0,1,6,0,0,0,6,5,0,0,0,5,2,0,0,0,0
202408,93116882,~c26-m96)(,Shoe InsolesWaterproof Silicone Shoe Protectors Set of 2,150,25.88,48.3,0,0,1,0,0,0,1,1,0,0,0,1,0,0,0,1,0
202408,93131932,~C150-m240-b52dns,Double LED Solar lights Indoor and outdoor with Panel and remote,338.13,58.33,48.3,0,24,5,0,0,1,6,6,0,0,0,6,24,0,1,1,0
202408,93133076,~C70-m150-~`1,Oxford Canvas Travel Shoe Bag Organizer Waterproof Shoe Storage Pouch - Grey,200,34.5,48.3,117.2,4,3,0,0,0,3,2,0,0,1,3,4,0,0,0,0
202408,93133077,~c70-M150-!@,Oxford Canvas Travel Shoe Bag Organizer Waterproof Shoe Storage Pouch - Black,200,34.5,48.3,0,1,0,0,0,0,0,0,0,0,0,0,1,0,0,0,0
202408,93160768,C320M440--2,Kath's Retro Electrical Mini Popcorn Machine,899,103.39,63.25,0,1,0,0,0,0,0,0,1,0,0,1,0,0,0,0,0
202408,93161045,c140m230@1,"Foldable Laptop Bed Desk Table with Built-in USB Port, Mini Fan & LED Lamp",351.25,40.39,48.3,262.56,2,7,1,0,0,8,6,0,0,1,7,3,0,0,0,0
202408,93162541,c80*-m160_@1,KATHs Multifunctional Upgraded Hand Crank Vegetable Cutter,290,50.03,48.3,0,0,2,0,0,0,2,1,0,0,0,1,1,0,0,0,0
202408,93168081,C100M180//F11*1,10 Pieces Dust-proof Closet Organizer Travel Garment Suit Cover Zipper Bag,250,43.13,48.3,0,1,27,0,0,0,27,15,0,0,0,15,13,0,0,0,0
202408,93169371,~C60-M140--*&,Egg Storage Rack 3 Layer Flip Kitchen Fridge Egg Storage Container,190,32.78,48.3,0,1,1,0,0,0,1,2,0,0,0,2,0,0,0,0,0
202408,93178492,c240m350*-*c98--1,Manual Frozen Meat Slicer Meat Cutter Beef Vegetable Slicer&2 extra blades,443.75,76.55,48.3,0,14,0,0,0,0,0,0,5,0,0,5,9,0,5,0,0
202408,93187041,c480-630-1,Gadget Boost LED Solar Light Outdoor Solar with Motion Sensor - 12 Lights,800,92,48.3,0,1,0,0,0,0,0,0,0,0,0,0,1,0,0,1,0
202408,93205276,c95m175--1big2,Collapsible Foldable Storage Shopping Basket - grey/white,265,45.71,48.3,0,0,1,0,0,0,1,0,0,0,0,0,1,0,0,0,0
202408,93218321,c142m210,KATHs Multi-Functional Durable baby sling wrap,280,45.08,34.5,0,1,0,0,0,0,0,0,1,0,0,1,0,0,0,0,0
202408,93220759,c115m170*1,Kaths Kitchen Household Cleaning Brush Set - 6 Piece,230,39.68,48.3,0,1,0,0,0,0,0,0,1,0,0,1,0,0,0,0,0
202408,93221202,~C200-M300-__,Rechargeable LED Light Bulb - 9w - 10 piece,450,51.75,48.3,0,1,0,0,0,0,0,0,1,0,0,1,0,0,7,0,0
202408,93222522,C110M190>>2,Trendy Multi-Function Crossbody Mobile Phone Bag Quilted Cute Sling Bag - White - Women,350,60.38,48.3,0,1,0,0,0,0,0,0,0,0,0,0,1,0,0,0,0
202408,93222525,C110M190>>1,Trendy Multi-Function Crossbody Mobile Phone Bag Quilted Cute Sling Bag - Blue - Women,350,60.38,48.3,0,1,0,0,0,0,0,0,0,0,0,0,1,0,1,0,0
202408,93229415,.C240-350-1-@1,3 IN 1 Shopping Cart Kids Pretend Play Trolley Toy Set,430,59.34,48.3,0,1,0,0,0,0,0,0,0,0,0,0,1,0,0,0,0
202408,93247929,C190M290-5.,Super 7 Speed Hand Mixer,400,46,63.25,0,1,0,0,0,0,0,0,0,0,0,0,1,0,0,0,0
202408,93250901,c110m190-a10-7,Aroma Humidifier Colorful Lamp Diffuser,260,32.89,48.3,0,0,2,0,0,0,2,1,0,0,0,1,1,0,1,0,0
202408,93255177,c110m190---6,Kitchen Prof  5 In 1 Multi-functional Veg Slicer Food Chopper Cutter Dicer - Grey,240,41.4,48.3,0,1,0,0,0,0,0,0,0,0,0,0,1,0,0,0,0
202408,93255366,c520m670-2,Kids Educational Laptop with Mouse Pack Of 2 - Pink,700,96.6,48.3,0,1,0,0,0,0,0,0,0,0,0,0,1,0,0,0,0
202408,93258300,c205m310-1,Stainless steel Seasoning Bottle Rack - 16 Jars,370,63.83,48.3,0,1,0,0,0,0,0,0,0,0,0,0,1,0,0,0,0
202408,93258566,cc100m180>,Professional Patio Mist System - 2 pack,250,40.25,48.3,0,2,1,0,0,0,1,1,0,0,0,1,2,0,0,0,0
202408,93260481,c70m120*1,Kaths Zippered Thermal Body Shaper Corset Training Suit,250,37.38,48.3,0,0,3,0,0,0,3,2,0,0,0,2,1,0,0,0,0
202408,93262239,c90m170><2,Set of 2-Safe & Chemical Free Fly Repellent Fan,240,33.12,48.3,0,1,0,0,0,0,0,0,0,0,0,0,1,0,0,0,0
202408,93283791,c100m180><>!,Heavy Duty Adjustable Rollers for Appliances,230,26.45,48.3,0,15,0,0,0,0,0,1,0,0,0,1,14,0,0,0,0
202408,93293470,~c40-m110)(,Water-Resistant Thick Heavy Duty Adhesive Flex Tape - 2 Pack - Black,169.71,21.47,48.3,0,2,4,0,0,0,4,2,0,0,0,2,4,0,0,0,0
202408,93293471,~c40-m110,Water-Resistant Thick Heavy Duty Adhesive Flex Tape - 2 Pack - White,170,21.51,48.3,0,0,2,0,0,0,2,0,0,0,0,0,2,0,0,0,0
202408,93294143,~c140-m210(),Hubbe Marble Rolling Pin,260,44.85,48.3,0,0,0,0,0,1,1,0,0,0,0,0,1,0,0,0,0
202408,93295087,c140m230///b44,kaths Waterproof Digital Precision Pocket Food Probe Thermometer - set of 4,350,60.38,48.3,0,0,10,0,0,1,11,5,0,0,0,5,6,0,0,0,0
202408,93296886,~c80--m160--!1,Travel Toiletry Wash Bag Pearl Zip Cosmetic Organizer Makeup Vanity Bag - Pink,210,36.23,48.3,0,1,2,0,0,0,2,0,0,0,0,0,3,0,0,0,0
202408,93296890,C85-m165(*4,Travel Toiletry Wash Bag Pearl Zip Cosmetic Organizer Makeup Vanity Bag - Blue,210,36.23,48.3,0,0,1,0,0,0,1,0,0,0,0,0,1,0,0,0,0
202408,93298866,c35m105-t20-13,Trendy Gym Running Sports Protein Shaker Bottle - Blue,180,31.05,48.3,0,0,1,0,0,0,1,1,0,0,0,1,0,0,0,0,0
202408,93298868,c150-m240,WaterProof Insulated 20L Sanne  Picnic Lunch Tote Bag,290,50.03,48.3,0,2,0,0,0,0,0,0,0,0,0,0,2,0,0,0,0
202408,93298873,c35m105-t20-3,Trendy Gym Running Sports Protein Shaker Bottle - Purple,160,27.6,48.3,0,1,0,0,0,0,0,0,0,0,0,0,1,0,0,0,0
202408,93318046,c55--m125-1,120-Day Standby Solar Sound and Light Alarm Lamp - Remote Controlled,170,19.55,63.25,87.2,3,0,0,0,0,0,0,2,0,1,3,0,0,0,0,0
202408,93319125,`c300-m420===`,1 Set 2 Pieces Ceramic Hollow Donut Vase For Modern Home Decor,490,84.53,48.3,0,0,0,1,0,0,1,1,0,0,0,1,0,0,0,0,0
202408,93319313,c300m420...,Set of 10 PIP Motion + CDS Night Motion Sensor Solar LED Wall Light,520,59.8,63.25,0,2,0,0,0,0,0,0,0,0,0,0,2,0,0,0,0
202408,93326289,-c160-m260-4,Kaths Bamboo Breadbox with cutting board Lid,310,53.48,48.3,0,1,0,0,0,0,0,1,0,0,0,1,0,0,0,0,0
202408,93326292,c300m420-c104-.9,Kids Boxing Punching Ball Stand,620,85.56,48.3,0,0,1,0,0,0,1,1,0,0,0,1,0,0,0,0,0
202408,93332250,c50m110*1**,Kaths USB Charging Multi-function Mini Garlic Masher - 2 pack - Blue - 12 cm,180,31.05,48.3,0,1,0,0,0,0,0,0,0,0,0,0,1,0,1,0,0
202408,93341870,c35m105//2,Acrylic Makeup Brush Organiser,168.71,29.1,48.3,0,12,8,0,0,0,8,11,0,0,0,11,9,0,0,0,0
202408,93344989,c40--m110-1,2 Piece Turbo Flex 360 Flexible Faucet Sprayer,165,20.87,48.3,0,1,4,0,0,0,4,3,0,0,0,3,2,0,0,0,0
202408,93362014,c105-m185.,USB Charger Hydro-chill Ultra PRO Portable Air Cooler,450,51.75,63.25,0,1,0,0,0,0,0,0,0,0,0,0,1,0,1,0,0
202408,93363683,C240M350.--DNS,Couples Fleece Oversized Hoodies- Set of 2,385.93,66.57,48.3,0,8,9,0,0,0,9,11,0,0,0,11,6,0,1,0,0
202408,93384311,-c100-m180-b19,Square 3 In 1 Solar Rechargeable Multiifunction Cob Light 2Pack,275,47.44,48.3,0,2,9,0,0,0,9,7,0,0,0,7,4,0,0,0,0
202408,93385779,~c55-m125**,2x2m Extra Large Outdoor Picnic/Beach Mat/Blanket - Yellow White,174.75,30.14,48.3,0,4,12,0,0,0,12,11,0,0,0,11,5,0,0,0,0
202408,93388260,c80m160-b19,"Casawise Acupressure Slippers, Foot Pain Relief Massage Slippers",270,31.05,48.3,0,4,0,0,0,0,0,0,0,0,0,0,4,0,0,0,0
202408,93389380,~c=80-km160-~2,Family Welcome Doll Dream House,210,28.98,48.3,0,4,0,0,0,0,0,0,0,0,0,0,4,0,0,0,0
202408,93418367,c70m150-3,Bathroom 3 Piece Bath Mat Toilet Seat Cover Set Non-Slip Absorbent Floor Mat - Grey,260,44.85,34.5,0,4,0,0,0,0,0,0,0,0,0,0,4,0,0,0,0
202408,93419438,c1300-m-1670-1,Non-Stick Coated Dessini 23 Piece Black Aluminum Non-Stick set,1800,310.5,63.25,0,1,0,0,0,0,0,0,1,0,0,1,0,0,0,0,0
202408,93422257,c370m490--3,Folding Laptop Table,750,86.25,48.3,0,0,2,0,0,0,2,1,0,0,0,1,1,0,0,0,0
202408,93423447,c480m550*>>>!,Kaths Solar Lantern Outdoor hanging Light LED Mason Jar - Silver - 6 Pack,800,128.8,48.3,0,1,0,0,0,1,1,0,0,0,0,0,2,0,0,0,0
202408,93434874,-c360-490--1,Solar LED Motion Sensor Outdoor Light - 6 Pack,700,112.7,48.3,0,4,0,0,0,0,0,0,0,0,0,0,4,0,5,0,0
202408,93457221,C120M210--1-,Oversized Hoodie Blanket Ultra Plush Fleece - Grey,270,46.58,48.3,0,1,0,0,0,0,0,0,0,0,0,0,1,0,0,0,0
202408,93458817,c28m99-1,"Hanging Mesh Garbage Bags Dispensers Household Plastic Bag Organizer, 2PCS - Black",149,25.7,48.3,0,2,2,0,0,0,2,2,0,0,0,2,2,0,0,0,0
202408,93458818,c28m99-2,"Hanging Mesh Garbage Bags Dispensers Household Plastic Bag Organizer, 2PCS - Grey",150,25.88,48.3,0,1,0,0,0,0,0,0,0,0,0,0,1,0,0,0,0
202408,93460078,C70M150/BELLA/C98,Helping Handle - Set of 2,278,47.96,48.3,0,1,0,0,0,0,0,0,0,0,0,0,1,0,0,0,0
202408,93460869,c50m120><>!,Clear Milk / Water Bottle - 1 Litre Transparent Plastic Reusable Container,180,31.05,48.3,0,2,0,0,0,0,0,0,2,0,0,2,0,0,0,0,0
202408,93460907,~c120-m210-#,Alanes Bling Evening Clutch Bag Fashion Wedding Party Mini Handbag,300,51.75,48.3,0,1,0,0,0,0,0,0,0,0,0,0,1,0,0,0,0
202408,93464327,c107m187>.>5,Double Wall Travel Mug Stainless Steel Vacuum Flask with Straw Hot/Cold - White,234,32.29,48.3,0,2,0,0,0,0,0,0,0,0,0,0,2,0,0,0,0
202408,93464328,c110m190/d400#DNS,Double Wall Travel Mug Stainless Steel Vacuum Flask with Straw Hot/Cold - Pink,247.5,34.16,48.3,0,13,1,0,0,0,1,3,0,0,0,3,11,0,0,0,0
202408,93464329,c107m187>.>3,Double Wall Travel Mug Stainless Steel Vacuum Flask with Straw Hot/Cold - Black,350,48.3,48.3,0,6,0,0,0,0,0,1,0,0,0,1,5,0,0,0,0
202408,93464330,C110M90#BLUE,Double Wall Travel Mug Stainless Steel Vacuum Flask with Straw Hot/Cold - Blue,350,48.3,48.3,0,3,0,0,0,0,0,0,0,0,0,0,3,0,0,0,0
202408,93464331,c107m187#high-Comp,Double Wall Travel Mug Stainless Steel Vacuum Flask with Straw Hot/Cold - Grey,250,34.5,48.3,0,2,0,0,0,0,0,0,0,0,0,0,2,0,0,0,0
202408,93499661,~c100-m180-!)+#%,5-Pieces Of Non-woven Shoes Bag Travel - Black,237.5,40.97,48.3,0,3,0,0,0,0,0,0,0,0,0,0,3,0,3,0,0
202408,93499664,~c100-m180@11,5-Pieces Of Non-woven Shoes Bag Travel - Red,290,50.03,48.3,0,5,0,0,0,0,0,0,0,0,0,0,5,0,4,0,0
202408,93503057,c200m300--1.,Electric Neck shoulder Back Massager with Heat for Pain Relief-Automatic,442,66.08,48.3,0,0,5,0,0,1,6,3,0,0,0,3,3,0,0,0,0
202408,93504841,c330m430>1,Arcade Basketball Game Set,576.67,79.58,48.3,0,1,2,0,0,0,2,2,0,0,0,2,1,0,0,0,0
202408,93505177,c88m145-4,Thermal Vacuum Stainless Steel Insulation Flask - Black,350,60.38,48.3,0,0,2,0,0,0,2,1,0,0,0,1,1,0,0,0,0
202408,93505178,c88m145-1,Thermal Vacuum Stainless Steel Insulation Flask - Orange,320,55.2,48.3,0,1,0,0,0,0,0,1,0,0,0,1,0,0,0,0,0
202408,93507301,~c70--mm150*!@`,Water Bottle Us Camo,210,28.98,48.3,0,2,0,0,0,0,0,0,0,0,0,0,2,0,0,0,0
202408,93507447,c240--m350>1,Nail Dust Collector - White,400,64.4,34.5,0,6,0,0,0,0,0,1,0,0,0,1,5,0,0,1,0
202408,93509430,c140m230/b19/c98,FlexxyPortable Multi-functional Electric Juice Squeezer,600,69,63.25,0,2,0,0,0,2,2,0,0,0,0,0,4,0,0,0,0
202408,93522950,c110m200.,Kaths Stuffed Animal Hoodie - Blue - 4 years Unisex,290,46.69,34.5,0,1,0,0,0,0,0,0,0,0,0,0,1,0,0,0,0
202408,93523968,c80m160-f08-2,Crystal Led Table Lamp Adjustable Brightness Color-changing Touch Control,380,65.55,48.3,0,1,0,0,0,0,0,0,0,0,0,0,1,0,0,0,0
202408,93525290,~c75-m155(*),Metal Battery Powered Analogue Retro Double Bell Alarm Clock - Black - 12 cm,210,36.23,48.3,0,2,0,0,0,0,0,0,0,0,0,0,2,0,2,0,0
202408,93526133,~c130-m220-~(*),Unisex Grey Oversized Plush Hoodie Blanket,270,46.58,48.3,0,4,0,0,0,0,0,0,0,0,0,0,4,0,0,0,0
202408,93526138,C120M210--1-1,One Size Fits All Ultra Plush Blanket Hoodie - Black/Blue/Red/Grey - Black,313.8,54.13,48.3,0,1,2,0,0,0,2,0,0,0,0,0,3,0,0,0,0
202408,93526144,C120M210--1-2,One Size Fits All Ultra Plush Blanket Hoodie - Black/Blue/Red/Grey - Grey,328.92,56.74,48.3,0,9,0,0,0,0,0,2,0,0,0,2,7,0,0,0,0
202408,93526900,~c130-m220__~1,Exquisite Classy Everyday Ladies Handbag - Brown - Women,270,46.58,48.3,0,0,5,0,0,0,5,2,0,0,0,2,3,0,0,0,0
202408,93527747,c275-385--3,"Replacement Wired Controller For Xbox One/Xbox Series XS, Xbox One",550,63.25,48.3,0,1,6,0,0,0,6,6,0,0,0,6,1,0,0,0,0
202408,93528783,c180m280#DoNotSend,FB Hot Air Popcorn Popper Maker Mini Popcorn Machine,250,28.75,63.25,0,0,0,0,0,1,1,0,0,0,0,0,1,0,0,1,0
202408,93529255,c220m330-1,2 Solar Sensor Security LED Flood Light with 3 Adjustable Heads,388.67,44.7,63.25,0,17,4,0,0,3,7,3,0,0,0,3,21,0,0,0,0
202408,93530475,c50m120*-*2,Thermal Fleece Lined High Stretch Stockings/Leggings - Coffee - S-M,350,60.38,48.3,0,4,0,0,0,0,0,3,0,0,0,3,1,0,0,0,0
202408,93530901,~c70-m150---*,Water Bottle-Green,200,27.6,48.3,0,5,0,0,0,0,0,0,0,0,0,0,5,0,0,0,0
202408,93533342,~C190-M290&^,ECCO BH002 -2 Slice Electronic Toaster,340,39.1,63.25,0,2,0,0,0,0,0,0,0,0,0,0,2,0,0,0,0
202408,93546016,C200M300-DRA,High QualityWarm Sherpa Blankets,520,89.7,48.3,0,1,0,0,0,0,0,0,0,0,0,0,1,0,0,0,0
202408,93575744,c180m280-1-c104,Heated Thermostatic Unisex Sleeveless Vest - S Unisex,230,39.68,48.3,0,1,2,0,0,0,2,1,0,0,0,1,2,0,0,0,0
202408,93575745,c180m280-12,Heated Thermostatic Unisex Sleeveless Vest - M Unisex,500,86.25,48.3,0,2,0,0,0,0,0,0,0,0,0,0,2,0,0,0,0
202408,93575748,c180m280-5,Heated Thermostatic Unisex Sleeveless Vest - XL Unisex,380,65.55,48.3,0,3,0,0,0,0,0,0,0,0,0,0,3,0,0,0,0
202408,93575749,c180m280-6,Heated Thermostatic Unisex Sleeveless Vest - 2XL Unisex,350,60.38,48.3,0,0,2,0,0,0,2,1,0,0,0,1,1,0,0,0,0
202408,93583254,c100m230*1*,Kaths - 2 in 1 Vegetable Chopper Spiralizer and Grater,300,51.75,48.3,0,1,0,0,0,0,0,0,1,0,0,1,0,0,0,0,0
202408,93585009,C300M420-1,Bamboo Glass Jar with wooden lid - Transparent - 4 Pack,480,82.8,48.3,0,0,0,0,0,1,1,0,0,0,0,0,1,0,0,0,0
202408,93588136,c70m150//////,Stainless Steel Multi-purpose Exquisite Nut Cracker - 2 Piece,280,48.3,48.3,0,0,2,0,0,0,2,2,0,0,0,2,0,0,0,0,0
202408,93590145,~C350-m480~1,Multifunctional Folding Portable Storage Cart with Wheels,643.33,110.98,48.3,0,2,3,0,0,0,3,2,0,0,0,2,3,0,0,0,0
202408,93591631,~c150-M240-~8,Girls Miraculous LadyBug Costume - Red / Black - M Girls,400,69,48.3,0,3,0,0,0,0,0,0,0,0,0,0,3,0,0,0,0
202408,93591633,~c150-M240-~9,Girls Miraculous LadyBug Costume - Red / Black - L Girls,400,69,48.3,0,5,0,0,0,0,0,0,0,0,0,0,5,0,0,0,0
202408,93609340,c120--m210-11,Solar Motion Sensor Garden Light - Black - 4 Pack,250,40.25,48.3,0,2,0,0,0,0,0,0,2,0,0,2,0,0,0,0,0
202408,93609341,c240--m350-1,Solar Motion Sensor Garden Light - Black - 8 Pack,390,62.79,48.3,0,4,0,0,0,0,0,0,0,0,0,0,4,0,4,0,0
202408,93609342,c300m.420-1,Solar Motion Sensor Garden Light - Black - 10 Pack,470,75.67,48.3,0,1,0,0,0,0,0,0,1,0,0,1,0,0,0,0,0
202408,93629010,~c75-m155-()f37,Retro Atmosphere Lamp Night Light Rechargeable Waterproof Tent Light,205,35.36,48.3,0,2,0,0,0,0,0,0,0,0,0,0,2,0,0,0,0
202408,93630908,c420m560-1-@1,Supersonic Rechargeable Solar Camping Lantern/Light for Load Shedding,610,105.23,48.3,0,1,0,0,0,0,0,0,1,0,0,1,0,0,0,0,0
202408,93647350,c15m85---,Cooling Towels for Fitness Sport and Outdoor Activity - Blue,135,20.18,48.3,0,1,0,0,0,0,0,1,0,0,0,1,0,0,0,0,0
202408,93652326,C280M390--1-1-,Stainless Steel Manual Juicer,650,74.75,63.25,0,1,0,0,0,0,0,0,0,0,0,0,1,0,0,0,0
202408,93652697,>C60m140>1,3 Piece Nesting Steaming Baskets,179,30.88,48.3,0,0,1,0,0,0,1,1,0,0,0,1,0,0,0,0,0
202408,93654019,C100M180/F11,Zip Closure PVA Clothes Garment Bag F49-8-1198-10 - 10 Piece 60x90cm,240,41.4,48.3,0,0,11,0,0,0,11,4,0,0,0,4,7,0,0,0,0
202408,93666790,c36m106-,Green Apple Slicer and Peeler Combo,156,26.91,48.3,0,1,0,0,0,0,0,0,0,0,0,0,1,0,0,0,0
202408,93677466,c320m430--5,7 Piece King Size Mut Stylish Print Design Comforter Set - Pink - King,660,113.85,63.25,0,1,0,0,0,0,0,0,0,0,0,0,1,0,0,0,0
202408,93677498,c1000m1260-1,22 Piece Timeless Beauty Non-Stick Stainless Steel Cookware Set,1428,246.33,63.25,0,1,0,0,0,0,0,0,0,0,0,0,1,0,1,0,0
202408,93697878,c75-m155,USB Automatic Fly Catcher Trap - Blue,205,35.36,48.3,0,2,1,0,0,0,1,1,0,0,0,1,2,0,0,0,0
202408,93697880,c160250>>1,2 X USB Automatic Fly Catcher Trap - Blue,400,69,48.3,0,2,0,0,0,0,0,0,0,0,0,0,2,0,0,0,0
202408,93709992,c110-m190-1,20Lt Leakproof Folding and Portable Picnic Basket - Navy blue,250,34.5,48.3,0,0,1,0,0,0,1,1,0,0,0,1,0,0,0,0,0
202408,93711574,c70-m150-1-*-1,2-Piece Mini Square French Fryer For Chips - Silver,200,34.5,48.3,0,0,2,0,0,0,2,2,0,0,0,2,0,0,0,0,0
202408,93711577,c70-m150-1-*,2-Piece Mini Square French Fryer For Chips - Rosegold,250,43.13,48.3,0,1,0,0,0,0,0,1,0,0,0,1,0,0,0,0,0
202408,93712629,C90M170/T20,Frying Pan Non-Stick Pan Pan Home Pancake Breakfast Frying Pan -26cm,290,50.03,48.3,0,6,12,0,0,0,12,9,0,0,0,9,9,0,0,0,0
202408,93719643,c270m390-c88-1,RAF Handheld 1600w Garment Steamer,600,69,63.25,0,0,3,0,0,0,3,1,0,0,0,1,2,0,0,0,0
202408,93720630,~c110--m190_)9,Solar Powered Jellyfish Fiber Light 2 Pieces 7 Colour Changing,200,32.2,48.3,0,6,0,0,0,0,0,0,0,0,0,0,6,0,0,0,0
202408,93738608,c120m210..1,Girls Red Plain Oversized Hoodies,340,58.65,48.3,0,4,0,0,0,0,0,0,0,0,0,0,4,0,0,0,0
202408,93742932,c135m225-b44-4,Lava Lamp - Green,270,46.58,48.3,0,5,0,0,0,0,0,1,0,0,0,1,4,0,0,0,0
202408,93745947,c60m140-@1,Bento 3 Layer Blue Lunch Box With Bottle,220,37.95,48.3,0,2,0,0,0,0,0,0,0,0,0,0,2,0,2,0,0
202408,93750272,c80m160-f08,New Rechargeable Blanket - Fleece Blanket with special rechargeable battery - Dark Grey,300,34.5,63.25,0,0,2,0,0,0,2,2,0,0,0,2,0,0,0,0,0
202408,93750845,c220m330---1,Type C male to HDMI and VGA female Adapter Cable,390,31.4,48.3,0,1,0,0,0,0,0,0,1,0,0,1,0,0,0,0,0
202408,93759134,-c150m240*19*,Ojees Homeware- Wearable Blanket Hoodie Oversized,290,50.03,48.3,0,14,0,1,0,0,1,0,0,0,0,0,15,0,0,0,1
202408,93760301,*C50-M120-@,USB Rechargeable LED Electric Mosquito Killer Lamp XF0711 - Grey / White,158.4,27.32,48.3,0,4,0,0,0,0,0,4,0,0,0,4,0,0,0,0,0
202408,93761708,~C200-m300_!--==f42,24-Piece Cutlery Set Stainless Steel Flatware with Transparent Lid Gift Box,409.24,70.59,48.3,0,12,1,0,0,0,1,13,0,0,0,13,0,0,0,0,0
202408,93783405,~c150-m240_*$#,Sannea Picnic Bag - Brown,400,46,48.3,0,2,0,0,0,0,0,0,0,0,0,0,2,0,2,0,0
202408,93783407,~C150-m240*(0,Sannea Picnic Bag - Green,310,35.65,48.3,0,1,0,0,0,0,0,0,0,0,0,0,1,0,0,0,0
202408,93785916,~c80-m160()8,Large Capacity Zipper Closure Portable Toiletry Bag ChicTravel Cosmetic Bag - Purple,280,48.3,48.3,0,10,0,0,0,0,0,0,0,0,0,0,10,0,0,0,0
202408,93786147,-1-c150m240--2,Azki Trading - Unisex sherpa lined extra length huggle Hooddie - Pink - Unisex,370,63.83,48.3,0,0,1,0,0,0,1,1,0,0,0,1,0,0,0,0,0
202408,93791040,!C170_-M270@,Large Picnic Basket Picnic Bag,339.45,58.56,48.3,0,5,6,0,0,0,6,4,0,0,0,4,7,0,0,0,0
202408,93791987,c35m105---1,3 Compartment Mulitfunction Acrylic Cosmetic Makeup Organizer,160,27.6,48.3,0,2,2,0,0,0,2,2,0,0,0,2,2,0,0,0,0
202408,93795073,C200M300/1,So Cool Pillow - Memory Comfort Ergonomic Pillow,350,60.38,48.3,0,7,0,0,0,0,0,1,0,0,0,1,6,0,0,0,0
202408,93796012,c100m180-6,165 Pieces Marble Race Slide Track Building Blocks Toy B4336,230,31.74,48.3,0,3,0,0,0,1,1,0,0,0,0,0,4,0,0,0,0
202408,93798728,c100m180<<!,Replacement 90w Lenovo Charger,280,32.2,48.3,0,1,5,0,0,0,5,2,0,0,0,2,4,0,0,0,0
202408,93823320,c120m210*-*-4,Winter Hoodie Oversized Huggle Hoodie - Black - Unisex,284.29,49.04,48.3,0,4,4,0,0,0,4,4,0,0,0,4,4,0,0,0,0
202408,93823321,c120m210*-*-3,Winter Hoodie Oversized Huggle Hoodie - Red - Unisex,290,50.03,48.3,0,2,0,0,0,0,0,0,0,0,0,0,2,0,0,0,0
202408,93823323,c120m210*-*-2,Winter Hoodie Oversized Huggle Hoodie - Grey - Unisex,290,50.03,48.3,0,2,2,0,0,0,2,1,0,0,0,1,3,0,0,0,0
202408,93831423,@c80-m160*1,Striped Solid Colour Portable Travel Cosmetic Bag PU Leather Makeup Bag - Purple,210,36.23,48.3,0,1,0,0,0,0,0,1,0,0,0,1,0,0,0,0,0
202408,93835173,c190m290/c98**,Electric Multipurpose Cordless Cleaning Brush,398.52,36.66,23,677.72,13,6,0,0,0,6,9,0,0,2,11,8,0,4,0,0
202408,93835778,C75--M155-3,Retro USB Charging Outdoor Camping Tent Lights Hanging Camping Lantern,190,32.78,48.3,0,8,0,0,0,0,0,0,0,0,0,0,8,0,8,0,0
202408,93842246,-C-70-M150-3,LED Grow Light Self - Watering Tabletop Plant Pot,190,30.59,48.3,0,1,0,0,0,0,0,0,1,0,0,1,0,0,0,0,0
202408,93842864,c200m300>>#@3,Pack of 10 Non-Woven Travel Shoe Bag Drawstring Shoe Organizer 43CM,338.18,58.34,48.3,0,6,3,0,0,0,3,3,0,0,0,3,6,0,0,0,0
202408,93843062,52-m122___1,Mini Suitcase Makeup Cross Bag - Hot Pink - Women,177,30.53,48.3,0,2,0,0,0,0,0,0,0,0,0,0,2,0,0,0,0
202408,93843063,52-m122___6,Mini Suitcase Makeup Cross Bag - Black - Women,177,30.53,48.3,0,1,0,0,0,0,0,1,0,0,0,1,0,0,0,0,0
202408,93843590,~@c95-m175~*(,HP Laptop Replacement Charger 19.5V (4.5 x 3.0mm Blue pin),235,27.03,48.3,0,3,0,0,0,0,0,0,0,0,0,0,3,0,3,0,0
202408,93845185,c180m280-1-,Home Air Aroma Diffuser Purifier - Dark Brown,500,63.25,48.3,0,0,2,0,0,0,2,1,0,0,0,1,1,0,0,0,0
202408,93845186,c180m280-2-,Home Air Aroma Diffuser Purifier - Light Brown,500,63.25,48.3,0,0,0,0,0,0,0,0,0,0,0,0,0,0,0,0,1
202408,93867065,~#C100-M180-~*&,5 Piece Luggage Travel Shoe bags,230,39.68,48.3,0,3,0,0,0,0,0,0,0,0,0,0,3,0,0,0,1
202408,93872197,c50m120-*-*1,XPE+COB Long Distance Flashlight Rechargeable Hunting LED Torch Light,190,32.78,48.3,0,2,0,0,0,0,0,0,0,0,0,0,2,0,0,0,0
202408,93873376,!C55-m125^!,Solar Outdoor Animal Repeller Sound and Light Alarm Q-BJ900 - Red,175,20.13,63.25,0,6,0,0,0,0,0,6,0,0,0,6,0,0,0,0,0
202408,93876548,~c150-M240~F11,Home Quip Collapsible Multifunctional Picnic Basket,334,46.09,48.3,0,0,2,0,0,0,2,1,0,0,0,1,1,0,0,0,0
202408,93886587,~c95-mm120*bb,Travel Organizer - Electronic - Accessories Bag - Front Pocket - M Size - Grey W/Orange Line - 2 L,198,31.88,48.3,0,2,0,0,0,0,0,1,0,0,0,1,1,0,0,0,0
202408,93886589,!c95-M175/bbags,Travel Organizer - Electronic - Accessories Bag - Front Pocket - M Size - Black W/Orange Line - 2 L,235,37.84,48.3,0,2,2,0,0,0,2,0,0,0,0,0,4,0,0,0,0
202408,93886590,~C50-mm120-*&,Travel Organizer - Electronic - Accessories Bag - Front Pocket - M Size - Beige - 2 L,198,31.88,48.3,0,2,2,0,0,0,2,3,0,0,0,3,1,0,0,0,0
202408,93888104,*c20m90-1-1*,93cm Door Draft Stopper - Black - 93 cm,143.33,18.13,48.3,0,2,0,0,0,0,0,1,0,0,0,1,1,0,0,0,0
202408,93888302,c123m215-2,6 Pack Foldable White Non-woven Closet Quilt Cloth Storage Organizer - White - 80 cm,340,58.65,48.3,0,2,0,0,0,0,0,2,0,0,0,2,0,0,0,0,0
202408,93888303,c123m213-1,6 Pack Foldable White Non-woven Closet Quilt Cloth Storage Organizer - White - 60 cm,340,58.65,48.3,0,1,1,0,0,0,1,0,0,0,0,0,2,0,0,0,0
202408,93913993,@C120-M210*,Pleasing Scents Home Enriching Diffuser 500ml,269.17,34.05,48.3,0,3,3,0,0,0,3,3,0,0,0,3,3,0,0,0,0
202408,93915023,c95-m155-1-1,Portable Warning Vehicle Emergency Triangle,200,23,48.3,257.4,5,0,0,0,0,0,0,0,0,2,2,3,0,5,0,0
202408,93919900,c500m660--1-1,Professional Makeup Kit Set,900,124.2,34.5,0,0,3,0,0,0,3,2,0,0,0,2,1,0,1,0,0
202408,93922474,c320m430-c104-3,2 in 1 Stick & Handheld Vacuum Cleaner -600w,490,56.35,63.25,0,0,3,0,0,0,3,2,0,0,0,2,1,0,0,0,0
202408,93922945,C90M170/-3,Silver Stainless steel Round Sauce Pan 18cm,230,39.68,48.3,0,1,0,0,0,0,0,0,0,0,0,0,1,0,0,0,0
202408,93924681,c100-m180@2,Dimming LED Bedside Lamp Touch DB-202 - White,220,25.3,48.3,0,4,0,0,0,0,0,1,0,0,0,1,3,0,0,0,0
202408,93961706,c80--m-160-4,Solar Powered Fountain,215,34.62,48.3,0,5,0,0,0,1,1,0,0,0,0,0,6,0,7,0,0
202408,93962735,~190-mm290~1,Candy Cart Pop-Up Tent Toy with 50 Balls,340,46.92,48.3,0,4,0,0,0,0,0,0,0,0,0,0,4,0,0,0,0
202408,93966868,c140m230@6,Multi-purpose Foldable Laptop Table With USB Ports,360,41.4,48.3,0,1,0,0,0,0,0,0,0,0,0,0,1,0,0,0,0
202408,93969560,-c120m210*3,Mini Stage Lighting Holographic Star Laser Projector,290,26.68,48.3,0,1,0,0,0,0,0,0,0,0,0,0,1,0,1,0,0
202408,93970040,C50M120>>7,Handy Stitch Sewing Machine,166.4,19.14,63.25,0,2,3,0,0,0,3,3,0,0,0,3,2,0,2,0,0
202408,93972457,c270--m390--4,Seat Baby Carrier- A6612 Aiebao - Pink - 0-36 months,450,72.45,34.5,0,1,0,0,0,0,0,1,0,0,0,1,0,0,0,0,0
202408,93972460,c270--m390-2,Seat Baby Carrier- A6612 Aiebao - Red - 0-36 months,490,78.89,34.5,0,1,0,0,0,0,0,0,1,0,0,1,0,0,0,0,0
202408,93973036,~c80--M160^^^^,Food Warmer Container Lunch Bag - Yellow,250,43.13,48.3,0,1,0,0,0,0,0,0,0,0,0,0,1,0,0,0,0
202408,94002905,~c60-m140-!v,Cute Little Pet House Cat Light,260,44.85,48.3,0,3,0,0,0,0,0,3,0,0,0,3,0,0,0,0,0
202408,94003482,-c75m155-1,3 Pairs Of Non Slip Elastic Yoga Socks,290,50.03,48.3,0,0,1,0,0,0,1,1,0,0,0,1,0,0,0,0,0
202408,94006453,-c120m210-c104,Natural Herbs Neck And Shoulder Wrap,260,29.9,34.5,0,10,0,0,0,0,0,1,0,0,0,1,9,0,0,0,1
202408,94007411,~C40-M110-*&^f11,Plastic Chopping Board - P1 - Large,199,34.33,48.3,0,5,0,0,0,0,0,0,0,0,0,0,5,0,5,0,0
202408,94018359,.C100M180-10,USB Rechargeable Kids Camera Mini HD Screen Photo Video Digital Camera,204,28.15,48.3,0,10,0,0,0,0,0,0,6,0,0,6,4,0,4,0,0
202408,94020272,c720--m950--1,Chukbok Aluminum Cookware Set- 7 Piece,1464,168.36,63.25,0,3,0,0,0,0,0,0,0,0,0,0,3,0,0,0,0
202408,94041152,c48m118>1,Twist and Roll Mini chopper,156,26.91,48.3,80.79,3,0,0,0,0,0,0,0,0,1,1,2,0,2,0,0
202408,94042453,c85m165__1,Glow in the Dark Blanket 180x150cm | Large Warm & Cozy Kids Blanket - Unicorns,350,56.35,34.5,518.3,5,0,0,0,0,0,1,0,0,2,3,2,0,0,0,0
202408,94042455,c80m160><1-1b19/c104,Glow in the Dark Blanket 180x150cm | Large Warm & Cozy Kids Blanket - Stars - Pink,290,46.69,34.5,0,6,0,0,0,0,0,3,0,0,0,3,3,0,1,0,0
202408,94042456,c85m165__2,Glow in the Dark Blanket 180x150cm | Large Warm & Cozy Kids Blanket - Stars - Grey,290,46.69,34.5,0,2,0,0,0,0,0,1,0,0,0,1,1,0,0,0,0
202408,94050200,230--/m340--,Men's 3 Grids PU Leather Display Storage Watch Organizer Box,390,53.82,34.5,0,2,0,0,0,0,0,0,0,0,0,0,2,0,0,0,0
202408,94055765,~@c95-m175~()_,Replacement Laptop Charger For HP 19.5V 3.33A 65W Pin 4.5mm x 3.0mm,230,26.45,48.3,0,1,0,0,0,0,0,0,0,0,0,0,1,0,0,0,0
202408,94058731,~C`200-m300**&,Evening Clutch Bag With Detachable Chain Strap for Wedding Or Cocktails - Gold - Women,350,60.38,48.3,0,1,0,0,0,0,0,1,0,0,0,1,0,0,0,0,1
202408,94062644,c245m355>>4,Solar Pest Repeller With Motion Detector,548,63.02,63.25,0,2,0,0,0,0,0,0,0,0,0,0,2,0,3,0,0
202408,94063320,~~`c180-mm280--&,3 Grids PU Leather Display Storage Watch Organizer Box For Men-Brown,450,62.1,34.5,0,1,0,0,0,0,0,0,0,0,0,0,1,0,0,0,0
202408,94065534,c50m120-*-1florax,Multifunctional Hammering Pounding and Fishing Game Toy for Toddlers,295,40.71,48.3,0,0,3,0,0,0,3,2,0,0,0,2,1,0,0,0,0
202408,94067731,*C35-M105,360 Rotatable Tabletop Makeup Brush Organiser Stationery Holder - Transparent,155,26.74,48.3,0,0,8,0,0,2,10,5,0,0,0,5,5,0,0,0,0
202408,94085370,C40M110<<3,Modern Clear Desktop Storage Organizer Diamond Pattern Cosmetic Organizer - Brown,170,29.33,48.3,0,2,0,0,0,0,0,0,0,0,0,0,2,0,2,0,0
202408,94087204,~c160-m250-(*)!,Portable Shoe Travel Organiser - 2 Pack - Black,320,55.2,48.3,0,0,2,0,0,0,2,2,0,0,0,2,0,0,0,0,0
202408,94095104,C40M110><!,"Foot Massager Mat, with Cervical Mini Massager Combo Set",190,21.85,48.3,0,3,0,0,0,0,0,2,0,0,0,2,1,0,0,0,0
202408,94096039,!c110-m190_!,Premium 11L Thermal Insulated Cooler Bag - Army Green,262.22,30.16,48.3,0,9,4,0,0,0,4,8,0,0,0,8,5,0,0,0,0
202408,94096042,c110*m190-*-*1,Premium 11L Thermal Insulated Cooler Bag - Khaki,325,37.38,48.3,0,4,3,0,0,0,3,4,0,0,0,4,3,0,0,0,0
202408,94096280,c20m90--1,Fridge Magnet Toothpick Holder,115,19.84,48.3,0,2,0,0,0,0,0,0,0,0,0,0,2,0,2,0,0
202408,94096623,c400m540..-9,All In One Makeup Kit Multi-Purpose Combination Makeup,573.33,92.31,34.5,0,4,0,0,0,0,0,1,0,0,0,1,3,0,0,0,0
202408,94103848,~C1000-M1260-1,3-in-1 Deluxe Multi-Functional Bassinet ME-3,1800,289.8,63.25,0,1,0,0,0,0,0,0,0,0,0,0,1,0,1,0,0
202408,94105129,~c130-m220**,Dream World Bubble Blowing Kids Lawn Mower Toy,280,38.64,48.3,0,2,2,0,0,0,2,2,0,0,0,2,2,0,0,0,0
202408,94107224,~c150-m240_____,Double Headed Multifunctional Fan,300,34.5,63.25,0,3,0,0,0,0,0,1,0,0,0,1,2,0,0,0,0
202408,94108781,c330m430>2,Basketball Hoop Game Outdoor Arcade Set,556,83.12,48.3,0,3,0,0,0,0,0,1,0,0,0,1,2,0,0,0,0
202408,94108857,c40--m110-2,2 Pack Flexible Faucet Aerator for Faucets and Showers,195,24.67,48.3,0,2,0,0,0,1,1,0,2,0,0,2,1,0,0,0,0
202408,94109269,~c100-m180-!,Striped Canvas Tote Bag - Black - Unisex,230,39.68,48.3,0,5,0,0,0,0,0,0,0,0,0,0,5,0,0,0,0
202408,94110112,c44m114-f11,Pack Of 4 Pearl Magnetic End Tie Backs,160,27.6,48.3,0,1,4,0,0,3,7,4,0,0,0,4,4,0,0,0,0
202408,94145012,c160m250.c104/a10,Jellyfish Lamp Electric Jellyfish Tank Aquarium-Color Changing Mood Lamp,291.38,50.26,48.3,0,8,0,0,0,0,0,0,0,0,0,0,8,0,0,0,0
202408,94146033,c250m360>>1,Stainless Steel Single Chafing Dish,440,75.9,48.3,0,2,0,0,0,1,1,2,0,0,0,2,1,0,0,0,0
202408,94152632,c66m146-1,Kaths - Transparent Large Capacity Breathable Blanket Storage Zipper Bag - Grey - 2 Pack,196,33.81,48.3,113.89,4,0,0,0,0,0,0,0,0,1,1,3,0,0,0,0
202408,94152633,c132m225-1,Kaths - Transparent Large Capacity Breathable Blanket Storage Zipper Bag - Grey - 4 Pack,300,51.75,48.3,0,0,2,0,0,0,2,1,0,0,0,1,1,1,0,0,0
202408,94152634,c198m290-1,Kaths - Transparent Large Capacity Breathable Blanket Storage Zipper Bag - Grey - 6 Pack,350,60.38,48.3,0,1,0,0,0,0,0,0,0,0,0,0,1,0,0,0,0
202408,94152635,c364m494-1,Kaths - Transparent Large Capacity Breathable Blanket Storage Zipper Bag - Grey - 8 Pack,547.5,94.44,48.3,404.76,3,0,0,0,0,0,0,1,0,1,2,1,0,1,0,0
202408,94152802,c170m260>>>12,Astronaut Starry Night Light Sky Projector with Remote Control,310,35.65,48.3,0,9,0,0,0,0,0,0,0,0,0,0,9,0,10,0,0
202408,94237519,c220m320-9,Solar ultrasonic bird repellent deer repellent cat repellent dog repellent,369,42.44,48.3,0,0,3,0,0,0,3,2,0,0,0,2,1,0,0,0,0
202408,94244417,c980m1150>>1,Set of 4 Ultrasonic Solar Powered Bird Repeller Pest Control,1866.33,257.55,48.3,0,2,0,0,0,0,0,0,1,0,0,1,1,0,1,0,0
202408,94247490,c100m180-c98-.1,Portable Air Cooler Fan With Humidifies With RGB Led light - Blue,290.6,33.42,63.25,0,3,0,0,0,0,0,0,0,0,0,0,3,0,3,0,0
202408,94247492,c100m180-c98-.3,Portable Air Cooler Fan With Humidifies With RGB Led light - White,274,31.51,63.25,0,0,1,0,0,0,1,0,0,0,0,0,1,0,0,0,0
202408,94250974,c140m230-c98/b44-1,Car Cover Complete Protection For All Weather,294.89,33.91,48.3,0,4,30,0,0,0,30,23,0,0,0,23,11,0,0,1,1
202408,94251131,~!c30-m100-*,Reusable Popsicle Ice-Cream Stick Mold F49-8-1314 - Green / Transparent,170,19.55,63.25,0,8,0,0,0,0,0,0,0,0,0,0,8,0,8,0,0
202408,94252809,~C100-m180---~1,800ml Double Walled Insulated Stainless Steel Flask Water Bottle - Black,230,39.68,48.3,0,5,0,0,0,0,0,2,0,0,0,2,3,0,0,0,0
202408,94253025,~xc100-m180--==~!,1L Double Walled Insulated Stainless Steel Flask Water Bottle - Black,228.75,39.46,48.3,0,9,6,0,0,0,6,9,0,0,0,9,6,0,0,0,0
202408,94253026,~xc100-m180-*%,1L Double Walled Insulated Stainless Steel Flask Water Bottle - Blue,230,39.68,48.3,0,3,1,0,0,0,1,1,0,0,0,1,3,0,0,0,0
202408,94253027,~xc100-m180-*^,1L Double Walled Insulated Stainless Steel Flask Water Bottle - Pink,230,39.68,48.3,0,5,0,0,0,0,0,0,0,0,0,0,5,0,0,0,0
202408,94253028,~xc100-m180-*~1,1L Double Walled Insulated Stainless Steel Flask Water Bottle - Cream,230,39.68,48.3,0,0,4,0,0,0,4,0,0,0,0,0,4,0,0,0,0
202408,94255137,c90m170>.1,Set of 2 Fly Repellent Soft Blade Table Fan,220,20.24,23,0,1,0,0,0,1,1,0,0,0,0,0,2,0,0,0,0
202408,94255146,c10m80--1.,Stitch Schoolbag Tag & Keyholder - Lilo & Stitch - Blue - Figurine - Large,126.67,21.85,48.3,0,4,2,0,0,0,2,6,0,0,0,6,0,0,0,0,0
202408,94332711,~c170-M270-~^%,Austronaut Star Projector Night Light,400,46,48.3,0,3,0,0,0,0,0,0,0,0,0,0,3,0,2,0,0
202408,94332730,c140m230--6,Electric Citrus Juicer,280,32.2,63.25,0,0,2,0,0,0,2,1,0,0,0,1,1,0,0,0,0
202408,94333467,c50m120---1,4 Giant Silicone Sphere Ice Moulds - 2 Pack,170,19.55,63.25,0,2,0,0,0,0,0,2,0,0,0,2,0,0,0,0,0
202408,94336608,c170m250>>>6,Kaths on-AstroAlan LED Projector,400,46,48.3,0,3,0,0,0,0,0,0,0,0,0,0,3,0,5,0,0
202408,94336664,~C45-M115-&*,HDMI to VGA Cable 1.5M,190,15.3,48.3,0,7,0,0,0,0,0,0,0,0,0,0,7,0,0,0,0
202408,94342172,c65-m150-1-2,Kath on-Kiddies Boat - Blue,196.67,27.14,48.3,0,2,0,0,0,0,0,0,2,0,0,2,0,0,0,0,0
202408,94342786,c70m150.-1.,2PC-Solar Tungsten Wall Light Outdoor Wireless Motion Sensor LED Wall-Black,242.5,27.89,48.3,0,0,0,0,0,1,1,0,0,0,0,0,1,0,0,0,0
202408,94350277,~c40--m110*&DNS,Aluminum Non-Stick Frying Pan - Red - 14 cm,180,31.05,48.3,0,2,4,3,0,0,7,2,0,0,0,2,7,0,0,0,0
202408,94351201,C190M290-3.@1,"Multifunctional Dicer Slap Press Slicer Chopper with 8 Blades, Container",350,60.38,48.3,0,3,0,0,0,0,0,1,0,0,0,1,2,0,0,0,0
202408,94351266,C140-M220@1,2PCS Stackable Clear Acrylic Refrigerator Wine Holder Bottle Holder,270,46.58,48.3,0,1,0,0,0,0,0,1,0,0,0,1,0,0,0,0,0
202408,94351321,c200m300*b52,4PC-Solar Tungsten Wall Light Outdoor Wireless Motion Sensor LED Wall-Black,349.33,40.17,63.25,0,4,0,0,0,0,0,0,0,0,0,0,4,0,0,0,0
202408,94351710,c250--m350-1,Kath On - 65W LED Display super charging desktop charger with 4 ports,599,68.89,48.3,0,1,0,0,0,0,0,0,1,0,0,1,0,0,0,0,0
202408,94353139,@C170_M270_!,Picnic Foldable Bag,340,58.65,48.3,0,1,0,0,0,0,0,0,0,0,0,0,1,0,0,0,0
202408,94354764,c75m155----1,Solar Bird Repeller Flashing Light Animal Repellent Sound Light Alarm - Red,290,40.02,48.3,0,1,0,0,0,0,0,0,0,0,0,0,1,0,0,0,0
202408,94356203,c110m180-1-@1,Electric Water Kettle Blue - Blue,230,26.45,63.25,0,1,1,0,0,0,1,1,0,0,0,1,1,0,0,0,0
202408,94356204,c110m180-1-5-,Electric Water Kettle Blue - Pink,250,28.75,63.25,0,1,0,0,0,0,0,0,0,0,0,0,1,0,0,0,0
202408,94425696,c135m225-b44-5,Wax Motion Liquid Color Lava Lamp - Green,344,59.34,48.3,0,2,1,0,0,0,1,2,0,0,0,2,1,0,1,0,0
202408,94427005,c80-m160-1-1 ,Kaths on-Effective Time Efficient Cleaner,220,25.3,63.25,0,2,1,0,0,0,1,2,0,0,0,2,1,0,1,0,0
202408,94430004,c140m230-c98/b44-2,Large Size Waterproof PEVA Ultralight Car Cover,280,32.2,48.3,199.5,6,3,0,0,0,3,2,0,0,1,3,6,0,0,0,0
202408,94438131,c100m180-1.,Cordless Rechargeable Cool Mist Fan,220,37.95,48.3,0,2,0,0,0,0,0,0,0,0,0,0,2,0,3,0,0
202408,94440163,C113M185-2,"Air Conditioner Fan,Evaporative Air Cooler with 7 Colors LED Light - White",251.25,28.89,63.25,0,9,0,0,0,0,0,1,0,0,0,1,8,0,0,0,0
202408,94442160,c580-m760-3,3 In 1 Electric Pan - Barbecue Grill Oven - Hot Cooking Pot for Kitchen,940,162.15,48.3,0,3,0,0,0,0,0,0,0,0,0,0,3,0,0,0,0
202408,94442342,^~65-M145~1,Portable Mini Steam Ironing Machine,200,23,63.25,0,1,1,0,0,0,1,1,0,0,0,1,1,0,0,0,0
202408,94510559,C60M140<>4,Click & Seal Food Storage Box Refrigerator Organizer -3 Pieces,200,34.5,48.3,0,1,2,0,0,0,2,2,0,0,0,2,1,0,0,0,0
202408,94511828,9902155411995,Universal Double-Headed Fan F50-8-1358,170,29.33,48.3,0,0,1,0,0,0,1,1,0,0,0,1,0,0,0,0,0
202408,94513008,c210m310-1-f42-1,6PCS Clear Storage Bins Household Storage Basket with Handle -28x21x10CM,507.69,87.58,48.3,0,2,9,0,0,0,9,5,0,0,0,5,6,0,0,0,1
202408,94513035,c110m190-BELLA,2 x Grey Household Storage Containers,245,42.26,48.3,0,1,3,0,0,0,3,2,0,0,0,2,2,0,0,0,0
202408,94523786,c120m210..--20,Personal Portable Air Conditioner Fan Mini Evaporative Cooler with 7 Colors,249,28.64,63.25,0,0,1,0,0,0,1,0,0,0,0,0,1,0,0,0,0
202408,94523968,~c112--m192-_,Elegant Look Clear Transperant Jars Storage Container with Bamboo Lid- 3Pcs,250,43.13,48.3,0,8,0,0,0,1,1,0,0,0,0,0,9,0,0,0,0
202408,94524065,C38M105,Portable Mini Sponge Mop,160,14.72,23,0,1,0,0,0,0,0,0,0,0,0,0,1,0,0,0,0
202408,94525344,c110m180-15,Dansup - Foldable Storage Basket Organizer,270,46.58,48.3,0,3,0,0,0,0,0,0,0,0,0,0,3,0,0,0,0
202408,94527098,c120m210..--13,Indoor 2-in-1 Cooling and Humidification Fan with 3D Spiral Cut Fan Blade - Black,399,45.89,63.25,0,5,0,0,0,0,0,0,0,0,0,0,5,0,6,0,0
202408,94527099,c120m210..--23,Indoor 2-in-1 Cooling and Humidification Fan with 3D Spiral Cut Fan Blade - Green,280,32.2,63.25,0,1,0,0,0,0,0,0,0,0,0,0,1,0,1,0,0
202408,94527100,c120m210..--14,Indoor 2-in-1 Cooling and Humidification Fan with 3D Spiral Cut Fan Blade - White,297.67,34.23,63.25,0,7,0,0,0,0,0,0,2,0,0,2,5,0,5,0,0
202408,94527753,C69M145-1,KathOn-Neat & Easy remote placer,235,32.43,48.3,0,1,0,0,0,0,0,0,1,0,0,1,0,0,0,0,0
202408,94527990,~@C170-m270-~!,Muscle Relaxation Massage Fascia Gun & 4 Pieces Massage Heads,350,40.25,48.3,0,1,0,0,0,0,0,0,0,0,0,0,1,0,1,0,0
202408,94529165,~@c95-m175~&8,IDL HP Blue Pin Laptop AC Adapter Charger replacement,245,28.18,48.3,0,1,1,0,0,0,1,1,0,0,0,1,1,0,0,0,0
202408,94539697,C82-M165-2,115 Pieces Multipurpose Magnetic Precision Screwdriver Tool Kit DC-147,217.5,25.01,48.3,0,3,0,0,0,0,0,0,3,0,0,3,0,0,0,0,0
202408,94540683,c50m120---5,Portable Manual Juicer Fruit Lemon Lime Orange Squeezer,200,34.5,48.3,0,3,1,0,0,0,1,4,0,0,0,4,0,0,0,0,0
202408,94541469,~C!240-m350(0),Professional Cosmetic Makeup Bag,393.92,67.95,48.3,0,9,4,0,0,0,4,5,0,0,0,5,8,0,0,0,0
202408,94566296,C85-M160@!@!,3 in 1 Portable Evaporative Air Cooler for Desk,399,45.89,63.25,0,4,0,0,0,0,0,0,4,0,0,4,0,0,0,0,0
202408,94576251,9902143391735,2 Transparent Heat Resistant Borosilicate Glass Measuring Jug - 1000ML & 500ML,340,58.65,48.3,0,2,0,0,0,0,0,0,0,0,0,0,2,0,0,0,0
202408,94576277,c205m305--1,Removable Drainage Basket Interior Food Storage Containers - Set of 5,370,63.83,48.3,0,2,0,0,0,0,0,2,0,0,0,2,0,0,0,0,0
202408,94577660,c120m210..--9,KathOn - Portable Mini Ice Mist Desk Fan - Black,380,65.55,48.3,0,2,0,0,0,0,0,0,2,0,0,2,0,0,0,0,0
202408,94578878,~c150-m240--@4,Luigi Costume - Super Mario Brothers - Mario & Luigi - Green / Blue - S,330,45.54,48.3,0,1,0,0,0,0,0,0,0,0,0,0,1,0,0,0,0
202408,94578879,~c150-m240--@3,Luigi Costume - Super Mario Brothers - Mario & Luigi - Green / Blue - M,340,46.92,48.3,0,1,0,0,0,0,0,0,0,0,0,0,1,0,0,0,0
202408,94579102,c99m175>>1,Lenovo Usb Yellow Pin Square 90watt Charger-Black,270,31.05,48.3,0,2,0,0,0,0,0,0,0,0,0,0,2,0,0,0,0
202408,94582265,*c1050--m1300-@,"ME-4 Baby Bouncer ,Cradle & Portable Swing Motorized Adjustable Rocker",1999,275.86,63.25,0,1,0,0,0,0,0,0,0,0,0,0,1,0,0,0,0
202408,94583087,c550m720-2-,4 Tier Round serving trolley with rotating hallow baskets,1250,215.63,63.25,0,1,0,0,0,0,0,1,0,0,0,1,0,0,0,0,0
202408,94584732,c120m250.,2-Pack backseat butler car trash can,300,34.5,48.3,0,1,0,0,0,0,0,0,0,0,0,0,1,0,0,0,0
202408,94585143,~@C200-M300-1,Massager of Neck Back and Shoulder Kneading,370,55.32,48.3,0,2,0,0,0,0,0,0,0,0,0,0,2,0,0,0,0
202408,94586532,c35-m105--2,KathOn-DIY Sewing Buttons Set,160,18.4,34.5,0,2,0,0,0,0,0,2,0,0,0,2,0,0,0,0,0
202408,94586812,~C75-m155+)0,Battery-Powered Analogue Bedside Alarm Clock,230,39.68,48.3,0,1,3,0,0,0,3,3,0,0,0,3,1,0,1,0,0
202408,94588709,c30m100,50W Multifunction Rechargeable LED Lighting - Load shedding Lights,160,18.4,48.3,0,1,0,0,0,0,0,0,0,0,0,0,1,0,0,0,0
202408,94606622,c120m210---,Outdoor Solar Camping and Tent Night Light Emergency Night Light Waterproof,260,44.85,48.3,0,5,0,0,0,0,0,2,0,0,0,2,3,0,0,0,0
202408,94606697,c350-m480-1-1-4,Baby Ball Pool Safety Fence with 50 Balls YG-65 - Red,700,96.6,48.3,0,1,0,0,0,0,0,0,1,0,0,1,0,0,0,0,0
202408,94609139,735*935,Solar Powered Bird Repellent-Set Of 3,1050,144.9,48.3,0,2,0,0,0,0,0,1,0,0,0,1,1,0,0,0,0
202408,94609635,c80-m160-1-2,2 in 1 Bedside Alarm Clock - Grey - 17 cm,210,36.23,48.3,0,1,0,0,0,0,0,1,0,0,0,1,0,0,0,0,0
202408,94609636,c80-m160-1-1-,2 in 1 Bedside Alarm Clock - White - 17 cm,270,46.58,48.3,0,0,1,0,0,0,1,1,0,0,0,1,0,0,0,0,0
202408,94610096,c50m120<>>1,Outdoor Lighting - Mosquito Repellent Lamp HC-19,200,27.6,48.3,0,3,0,0,0,0,0,0,0,0,0,0,3,0,3,0,0
202408,94610183,c220m320>2,Twin Chocolatiere Melting Fondue Pots with Trays and Recipes,444.58,51.13,63.25,0,4,9,0,0,0,9,13,0,0,0,13,0,0,0,1,0
202408,94611105,c235m345-1,3 Piece Kitchen Glass Storage Jars Airtight-Food Storage Set,395,68.14,48.3,0,2,0,0,0,0,0,1,0,0,0,1,1,0,0,0,0
202408,94611275,c140_m230-1-1,Red Round Table Lamp,280,48.3,48.3,0,2,4,0,0,0,4,3,0,0,0,3,3,0,0,0,0
202408,94611673,c50m120#3,Airtight Portable Oat Yogurt Cup - Grey,187,32.26,48.3,106.44,2,1,2,0,0,3,4,0,0,1,5,0,0,0,0,0
202408,94612561,~C60-M140__8,Wire Mesh Trash Can - Black - Black - 26 cm,190,32.78,48.3,0,0,1,0,0,0,1,0,0,0,0,0,1,0,0,0,0
202408,94612879,~c70-m150-*(,Solar Charging Paste at the Bottom with Wind Speed Display Portable Fan - White,220,25.3,63.25,0,1,0,0,0,0,0,0,0,0,0,0,1,0,1,0,0
202408,94614972,c55-m130 -1,KathOn-Handheld Child Walker Assistant - sky,197.5,31.8,34.5,0,2,5,0,0,0,5,4,0,0,0,4,3,0,0,0,0
202408,94615885,c20m90-3-,Children Inflatable Swim Protector Vest- 40cm - Blue - Junior,180,31.05,48.3,0,1,0,0,0,0,0,0,0,0,0,0,1,0,0,0,0
202408,94617162,c110m180-1-@2,Wardrobe Clothes Closet Shelves Organizer - Grey,290,50.03,48.3,0,0,3,0,0,0,3,1,0,0,0,1,2,0,0,0,0
202408,94618395,~c70-m150--~~`1,Double Wall Vacuum Insulated Travel Cup 320ml - Black,210,36.23,48.3,0,2,0,0,0,0,0,2,0,0,0,2,0,0,0,0,0
202408,94619589,c105-m185-1,7 In 1 Solar Outdoor Light,230,26.45,48.3,0,3,0,0,0,0,0,0,3,0,0,3,0,0,0,0,0
202408,94619645,c350-m480-#3--1,Kiddy Fun Filled Playhouse - Blue,550,75.9,48.3,0,1,0,0,0,0,0,1,0,0,0,1,0,0,0,0,0
202408,94619648,c265-m390-#2-11,Kiddy Fun Filled Playhouse - navy,450,62.1,48.3,0,0,1,0,0,0,1,1,0,0,0,1,0,0,0,0,0
202408,94619924,c150m240..,KathOn - Smart Electronic Piggy Bank With Face Recognition - Pink,320,44.16,48.3,0,4,0,0,0,0,0,0,0,0,0,0,4,0,0,0,0
202408,94620185,c82-m165-1-1,Joseph Joseph Spice Grinders - green and light grey,205,23.58,63.25,0,1,3,0,0,0,3,1,0,0,0,1,3,0,1,0,0
202408,94620186,c82-m165-1-2,Joseph Joseph Spice Grinders - white and grey,215,24.73,63.25,0,0,3,0,0,0,3,3,0,0,0,3,0,0,5,0,0
202408,94621068,c120m210-1-1,KathOn-Emergency solar lights,300,51.75,48.3,0,2,0,0,0,0,0,0,2,0,0,2,0,0,0,0,0
202408,94622959,~@c95-m175~(),Replacement Laptop Charger For HP 4.62A 19.5V 90W 4.5mm x 3.0mm (Blue Pin),250,28.75,48.3,0,2,2,0,0,0,2,2,0,0,0,2,2,0,0,0,0
202408,94647982,c110m180-1-4-,Electric Travel Kettle (0.6 L),340,39.1,63.25,0,2,0,0,0,0,0,0,0,0,0,0,2,0,0,0,0
202408,94648380,C380M480-1,-White feather Lamp,536.67,92.58,48.3,395.79,2,4,0,0,0,4,2,0,0,1,3,3,0,0,0,0
202408,94648502,c110-m190.-2-3,Kath On - Pack of 2 Mesh Laundry Hamper with Handle - Grey,300,51.75,48.3,0,1,0,0,0,0,0,0,1,0,0,1,0,0,0,0,0
202408,94648696,c35m105>>1,Blankets Clothing Organizer Closet Storage Bag,230,39.68,48.3,0,7,0,0,0,0,0,0,0,0,0,0,7,0,7,0,0
202408,94652758,#C68-m150-@,Kids Music Box Suitcase with Jewelry Case & Mirror,200,27.6,48.3,0,1,0,0,0,0,0,0,0,0,0,0,1,0,0,0,0
202408,94655350,c250m350-y/a-3,"Family Inflatable Lazy Sofa, Inflatable Lounge Chair With Ottoman",390,67.28,48.3,0,0,2,0,0,0,2,1,0,0,0,1,1,0,0,0,0
202408,94658178,c330-m430--1,Early Child Development Walker,510,70.38,48.3,0,1,0,0,0,0,0,0,1,0,0,1,0,0,0,0,0
202408,94660868,#C120-m210~!2,Portable Neck-hanging Hands-Free Cooling Fan - Grey,280,48.3,48.3,0,9,0,0,0,0,0,0,5,0,0,5,4,0,4,0,0
202408,94663104,c330m430>4,"Kids Basketball Hoop Arcade Game, Basketball Stand Toy Basketball Products",500,69,48.3,0,4,8,0,0,0,8,3,0,0,0,3,9,0,0,0,0
202408,94663116,@c50-m100-~,Kath On - Adjustable height telescopic rechargeable standing fan - White,180,31.05,48.3,0,1,0,0,0,0,0,0,0,0,0,0,1,0,1,0,0
202408,94665889,-c310m430-A10-c98-,Professional Hair Dryer with attachments for styling - Silver/Grey,500,57.5,34.5,0,0,5,0,0,0,5,4,0,0,0,4,1,0,0,0,0
202408,94666874,c400m540,Set of 2 Ultrasonic Solar Powered Bird Repeller Pest Control,699,80.39,63.25,0,2,0,0,0,0,0,0,0,0,0,0,2,0,0,0,0
202408,94667781,c45-m105-1,Portable Time Keeping Gradient color drinking water bottle - Blue,165,28.46,48.3,0,6,0,0,0,0,0,0,3,0,0,3,3,0,3,0,0
202408,94667788,c45-m115-1 #1,Portable Time Keeping Gradient color drinking water bottle - Light,165,28.46,48.3,0,6,0,0,0,0,0,0,2,0,0,2,4,0,3,0,0
202408,94690414,-C50M120--5,120 Ice Cube Maker,341.67,39.29,63.25,0,7,0,0,0,0,0,0,2,0,0,2,5,0,5,0,0
202408,94691484,~C70-M150----=,Leak Proof Wine or Coffee Tumbler - 350ml - Black,196,27.05,48.3,0,6,0,0,0,0,0,0,0,0,0,0,6,0,0,0,0
202408,94692410,c40-m110,12-in-1 Kitchen Tool,160,27.6,48.3,0,1,0,0,0,0,0,0,0,0,0,0,1,0,0,0,0
202408,94692436,c38m105>!,Glass Retro Cup with Lid & Straw - 650ml,240,33.12,48.3,0,1,0,0,0,0,0,1,0,0,0,1,0,0,0,0,0
202408,94692876,C120M210**,1 Pieces Ceramic Hollow Donut Vase For Modern Home Decor L- (20.5x7.5x20.5cm),290,50.03,48.3,0,0,1,0,0,0,1,1,0,0,0,1,0,0,1,0,0
202408,94695184,~c20-m90_~c88,Hand-made Bamboo Basket/Pot Holder - Apple,150,25.88,48.3,0,14,0,0,0,0,0,0,0,0,0,0,14,0,0,0,0
202408,94695187,~c20-m90(!~`c88,Hand-made Bamboo Basket/Pot Holder - Hen,150,25.88,48.3,0,8,0,0,0,0,0,1,0,0,0,1,7,0,0,0,0
202408,94695188,c30m100//b19,Hand-made Bamboo Basket/Pot Holder - Rabbit,147,25.36,48.3,0,17,0,0,0,0,0,0,0,0,0,0,17,0,17,0,0
202408,94695703,c70m150-*-1-1-b44,Portable Rechargeable Blender and smoothie maker,154.3,17.74,63.25,0,3,1,1,0,0,2,5,0,0,0,5,0,0,0,0,0
202408,94700569,C76M145-1--5,3D Full Moon Desktop Lamp,200,34.5,48.3,0,1,0,0,0,0,0,0,0,0,0,0,1,0,0,0,0
202408,94706372,~c118-m208*&8,Blue Angel Ceramic Seasoning Bamboo Tray Spices Seasoning Jars Set - Blue,260,44.85,48.3,0,2,0,0,0,0,0,2,0,0,0,2,0,0,0,0,0
202408,94706374,~C116--m208(!`2@,Blue Angel 10 Pieces Seasoning Creative Ceramic Kitchen Spice Jars - Yellow,258,44.51,48.3,0,1,0,0,0,0,0,0,0,0,0,0,1,0,0,0,0
202408,94709108,c180m280-c104..2,"Portable Rechargeable Air Conditioner Fan, Mini Evaporative Air Cooler - Black",423,48.65,63.25,0,16,3,0,0,0,3,1,0,0,0,1,18,0,20,0,0
202408,94709109,c180m280-c104..1,"Portable Rechargeable Air Conditioner Fan, Mini Evaporative Air Cooler - White",443.86,51.04,63.25,0,16,0,0,0,0,0,0,0,0,0,0,16,0,17,0,0
202408,94726571,c110m190/-5,Multi-Function Triangle Coat Rack,390,67.28,48.3,0,1,3,0,0,0,3,2,0,0,0,2,2,0,1,0,0
202408,94726982,-c120m210>2,Round Fruit & Vegetable Baskets - Black,580,100.05,63.25,0,0,0,0,0,1,1,0,0,0,0,0,1,0,0,0,0
202408,94726983,c150m240--2,Round Fruit & Vegetable Baskets - Blue,580,100.05,48.3,0,1,0,0,0,0,0,0,0,0,0,0,1,0,1,0,0
202408,94727103,~c150-M240F11,Multi-Functional Collapsible/Foldable Picnic Indoor And Outdoor Basket - Grey - 900 g,334,46.09,48.3,0,0,3,0,0,0,3,2,0,0,0,2,1,0,0,0,0
202408,94727786,c40m110-1-1-1,Home Kitchen Foldable Gas Stove Baffle Oil Splash Wind Shield - 84cm,340,46.92,48.3,0,0,3,0,0,0,3,1,0,0,0,1,2,0,0,0,0
202408,94727789,..c80m160--1,Home Kitchen Aluminium Foldable Gas Stove Oil Splatter Shield Set of 2,440,60.72,48.3,330.98,4,0,0,0,0,0,1,0,0,1,2,2,0,0,0,0
202408,94729716,~c40-m110--,KathOn-Christmas Star Decoration,160,25.76,48.3,0,1,0,0,0,0,0,0,0,0,0,0,1,0,1,0,0
202408,94738831,c100-m180>.>9,Insulated Mug / Water Bottle Double Walled - Light Pink,250,43.13,48.3,0,2,0,0,0,0,0,1,0,0,0,1,1,0,0,0,0
202408,94739127,c290m410--1-1,"Replacement Laptop Battery for HP 250 G4, 255 G4 HS03 HS04",521.82,60.01,48.3,0,1,4,0,0,0,4,2,0,0,0,2,3,0,0,4,0
202408,94747959,~C100-m200-,Muli-Colour Table Lamp,300,51.75,48.3,0,6,0,0,0,0,0,0,0,0,0,0,6,0,0,0,0
202408,94749595,c230m340==-1,Swivel Sweeper - Cordless Rechargeable Floor Cleaner,700,64.4,23,0,3,0,0,0,0,0,0,0,0,0,0,3,0,0,0,0
202408,94767381,c100m180-c98-.7,USB Desk Fan Mini Air Cooler - HB,277,47.78,48.3,0,3,0,0,0,0,0,0,0,0,0,0,3,0,0,0,0
202408,94768044,c50m120---14,Citrus Squeezer 13x9cm Stainless Steel,370,63.83,48.3,0,1,0,0,0,0,0,0,0,0,0,0,1,0,0,0,0
202408,94772275,c500m--m,6 Piece Stock Pot with Glass Lid,1240,213.9,54.05,0,0,1,0,0,0,1,1,0,0,0,1,0,0,0,0,0
202408,94774791,~C75-M155-!,Creative Deco Set of 6 PVC Moroccan Inspired Placemats - Glacier Blue,205,35.36,48.3,121.34,3,0,0,0,0,0,0,1,0,1,2,1,0,1,0,0
202408,94776511,c180m280-c104..5,Mini 5 Spray Mist Cooling Fan,363.33,41.78,63.25,0,5,0,0,0,0,0,0,3,0,0,3,2,0,2,0,0
202408,94779538,c140m22--1-2,4 Pieces - Solar Wall Lights - Black,290,33.35,63.25,0,2,0,0,0,0,0,0,0,0,0,0,2,0,2,0,0
202408,94779893,C103M185--15,Adjustable Home Appliance Trolley -Small,350,40.25,48.3,0,2,0,0,0,0,0,0,0,0,0,0,2,0,2,0,0
202408,94781950,C500M660--3,Solar Motion Sensor Alarm - 4 Pack,1100,126.5,63.25,0,2,0,0,0,0,0,0,0,0,0,0,2,0,0,0,0
202408,94783684,c280m400..,Adjustable Height Laptop Desk With Mountable Mouse Tray,478.57,55.04,48.3,375.24,2,5,0,0,0,5,3,0,0,1,4,3,0,2,0,0
202408,94810275,C200M300/98**,Cooling Pillow Anti Snore Pillow Memory Foam,345.87,59.66,48.3,0,7,11,0,0,0,11,15,0,0,0,15,3,0,0,2,0
202408,94811929,C98-M180-1!`,Cordless Rechargeable Cool Mist Fan,220,37.95,48.3,0,1,0,0,0,0,0,0,0,0,0,0,1,0,0,0,0
202408,94818366,c150m240>@3,Star Projector Galaxy Night Light,290,50.03,48.3,0,6,1,0,0,0,1,1,2,0,0,3,4,0,0,0,0
202408,94818424,~230-330-(*,Dual Head Solar Powered Car electric fan with 3 adjustable levels,342.5,39.39,48.3,0,4,0,0,0,0,0,0,0,0,0,0,4,0,4,0,0
202408,94823240,C~120-mm210(*^5,3 Pocket Wet & Dry Toiletry Bag - Aqua,295,50.89,48.3,0,1,7,0,0,1,8,5,0,0,0,5,4,0,0,0,0
202408,94825254,c50m120--1-1-,Relaxing Rechargeable EMS Foot Massager + 10x Herbal Pain Relief Patches,225,25.88,48.3,0,4,0,0,0,0,0,1,0,0,0,1,3,0,0,0,0
202408,94827208,C50M120>21,CS-101B Handy Stitch Sewing Machine-HB,226,25.99,63.25,0,1,2,0,0,0,2,1,1,0,0,2,1,0,0,0,0
202408,94827442,c245m390*!!-,USB to HDMI/ VGA Adapter,460,74.06,48.3,0,18,0,0,0,0,0,0,9,0,0,9,9,0,9,0,0
202408,94827525,~c60-m140(*1,Multi-Compartment Wet & Dry Toiletry Bag - Grey,200,34.5,48.3,0,1,3,0,0,0,3,2,0,0,0,2,2,0,0,0,0
202408,94827526,~c60-m140(*5,Multi-Compartment Wet & Dry Toiletry Bag - Aqua,200,34.5,48.3,0,2,0,0,0,0,0,1,0,0,0,1,1,0,0,0,0
202408,94859891,C84M165--1,Fruit Peeler,260,44.85,48.3,0,2,0,0,0,0,0,0,0,0,0,0,2,0,0,0,0
202408,94864815,c120m210><1,350 ml Square Cocktail Glass With Bamboo Lid and Straw - 4 Pack,299,51.58,48.3,398.25,7,0,0,0,0,0,2,1,0,2,5,2,0,0,0,0
202408,94865226,C50M120>>4,Handheld Portable Sewing Machine,170,19.55,63.25,0,2,1,0,0,0,1,0,0,0,0,0,3,0,0,0,0
202408,94866520,C66M145--1--1,3 Pack HDMI to VGA Gold-Plated HDMI to VGA Adapter for Computer Laptop,266,27.53,48.3,0,6,0,0,0,0,0,0,0,0,0,0,6,0,0,1,0
202408,94922988,~C200-m300_*&,2 Tier Jewelry Case with Combination Lock - White - 27.5 cm,370,63.83,48.3,0,1,0,0,0,0,0,0,0,0,0,0,1,0,0,0,0
202408,94925920,c118m200@,40cm Collapsible Plastic Large Capacity Laundry Basket - Grey,330,56.93,48.3,0,1,0,0,0,0,0,0,1,0,0,1,0,0,0,0,0
202408,95095531,c210m310..1,Smart Prayer Mats for Kids Muslim Soft Islamic Cartoon Prayer Mat,378.33,52.21,48.3,0,8,0,0,0,0,0,0,0,0,0,0,8,0,0,0,0
202408,95097042,~c80-m160-==-,Cordless Portable Fan Grip Go 3 Speed Small Fan Clamp for Indoor & Outdoor,220,25.3,63.25,0,2,0,0,0,0,0,0,0,0,0,0,2,0,2,0,0
202408,95097381,~c150-m240--@7,Mario ad Luigi Dress Up Costumes - Luigi - S,299.83,41.38,48.3,0,5,3,0,0,0,3,5,0,0,0,5,3,0,0,0,0
202408,95097384,~c150-m240--@8,Mario ad Luigi Dress Up Costumes - Luigi - XL,300,41.4,48.3,0,3,0,1,0,0,1,3,0,0,0,3,1,0,2,0,0
202408,95101631,c100-m180>.>10,Double Wall Stainless Steel Travel Tumbler - 1.2L - Pink,240,33.12,48.3,0,4,0,0,0,0,0,1,0,0,0,1,3,0,0,0,0
202408,95104948,--c110-m190-.-2,Set Of 4 Lights And Sounds Answer Buzzer,340,46.92,48.3,0,2,0,0,0,0,0,2,0,0,0,2,0,0,0,1,0
202408,95109489,c105m185>>1-,Handheld Ice Shaver Machine With Ice Mold,250,28.75,63.25,0,2,0,0,0,0,0,0,2,0,0,2,0,0,0,0,0
202408,95109659,C50M120>>22,Cordless Mini DIY Portable Sewing Machine,170,19.55,63.25,0,5,0,0,0,0,0,1,0,0,0,1,4,0,0,0,0
202408,95119777,@c100-M200/bbags,Computer Multi-Layer Electronic Cables & Accessories Storage Bag (28cm) - Black - 5 L,300,48.3,48.3,0,9,0,0,0,0,0,0,0,0,0,0,9,0,0,0,0
202408,95144391,~c40-m110-*@,USB R/C EasyAcc Mini Portable Fan for Desktop - Purple,160,27.6,48.3,0,0,1,0,0,0,1,1,0,0,0,1,0,0,0,0,0
202408,95179455,c200m300-c98..1,Led Portable Air Cooler Fan with Mist Spray - White - Pack of 2,498.33,85.96,48.3,0,3,0,0,0,0,0,0,0,0,0,0,3,0,0,0,0
202408,95184599,"~c250-m,370--!f08",Outdoor LED Modern Solar House Number Kit F66-43-35,430,49.45,63.25,0,1,0,0,0,0,0,0,0,0,0,0,1,0,0,0,0
202408,95184757,c40m110@!-2,Foldable Solar Motion Sensor Light,190,21.85,63.25,0,6,0,0,0,0,0,0,0,0,0,0,6,0,0,0,0
202408,95201682,c140m230>>!,2023 New USB R/C Electric Shock Mosquito Killer Lamp/Zapper(White),280,38.64,48.3,0,1,0,0,0,0,0,0,0,0,0,0,1,0,1,0,0
202408,95224940,~c200-m300,Cutlery Set 6 Person 24 Piece Stainless Steel Knife Table Cutlery in Suitcase - Silver,400,69,48.3,0,3,7,0,0,0,7,6,0,0,0,6,4,0,0,0,0
202408,95225347,~c200-m300~)*,"4 Piece Continental Homeware Stainless Steel Oil, Vinegar Salt and Pepper Set",400,69,48.3,0,3,0,0,0,0,0,0,0,0,0,0,3,0,3,0,0
202408,95258345,c450m600-1-12,Electric Ice Crusher Machine,960,110.4,63.25,0,1,0,0,0,0,0,0,0,0,0,0,1,0,0,0,0
202408,95258788,55-m125!89,"Picnic Blanket, Large Portable Outdoor Beach Picnic Blanket Mat with Handle - Blue",200,27.6,48.3,0,2,0,0,0,0,0,2,0,0,0,2,0,0,0,0,0
202408,95259621,~c68-m148)(4,800ml Stainless steel Flask-Vacuum insulated bottle - Green,210,36.23,48.3,0,0,1,0,0,0,1,1,0,0,0,1,0,0,0,0,0
202408,95259623,~c68-m148(6,800ml Stainless steel Flask-Vacuum insulated bottle - Blue,210,36.23,48.3,0,1,2,0,0,0,2,2,0,0,0,2,1,0,0,0,0
202408,95259657,c100m180-d400,600ml Stainless Steel Flask-Vacuum Insulated water Bottle - Black,169,29.15,48.3,0,0,3,0,0,0,3,2,0,0,0,2,1,0,0,0,0
202408,95276920,c100m180-c98-15.,Desktop Electric Fan Portable Air Conditioner Household Small Air Cooler - White,380.5,43.76,63.25,0,6,0,0,0,0,0,0,0,0,0,0,6,0,6,0,0
202408,95276921,c100m180-c98-.16,Desktop Electric Fan Portable Air Conditioner Household Small Air Cooler - Black,254,29.21,63.25,0,3,0,0,0,0,0,0,0,0,0,0,3,0,3,0,0
202408,95280311,~c110-m190=,Castalware Cutting Board chopping Boards Reversible Durable Kitchen 3 Set,245.29,42.31,48.3,0,5,4,0,0,0,4,8,0,0,0,8,1,0,0,0,0
202408,95280364,c15m60--1,Round Sphere Ice Cube Ball Maker DC-310,190,32.78,48.3,0,3,0,0,0,0,0,0,3,0,0,3,0,0,0,0,0
202408,95322456,c78m155-7@8,"Silicone Rubber Spatula Set for Baking, Cooking and Mixing Set of 5 - Black",190,32.78,48.3,0,0,1,0,0,0,1,1,0,0,0,1,0,0,0,0,0
202408,95344822,c6m65-1,Soap Dish Holder Leaf Shaped,119,20.53,34.5,0,1,0,0,0,0,0,0,0,0,0,0,1,0,0,0,0
202408,95345476,C650M840---1-1,High-quality 7pcs set aluminum polished deep pot large cooker set,1240,171.12,63.25,0,8,0,0,0,0,0,0,0,0,0,0,8,0,0,0,0
202408,95346800,-c120m210*-*-1-c104,Owl Alert Pest Control,300,41.4,48.3,0,1,2,0,0,0,2,3,0,0,0,3,0,0,0,0,0
202408,95376354,c30m100/c98,Harry Potter Portable Small Jewelry Box Organizer,160,27.6,48.3,0,8,0,0,0,0,0,0,1,0,0,1,7,0,1,0,0
202408,95380465,c250m370-1-1-c98,Unique Decorative LED Quicksand Painting Hourglass Lamp,430,74.18,48.3,0,7,0,0,0,0,0,2,0,0,0,2,5,0,0,0,0
202408,95381636,c205m305*-1,Fridge Food Storage Containers Multi-Size Pantry Storage Box - 5 Pack,400,69,48.3,0,1,0,0,0,0,0,0,0,0,0,0,1,0,0,0,0
202408,95381652,c205m305*1,5 Packs Stackable Refrigerator Organizer Box Food Veg Fruit Containers,350,60.38,48.3,0,0,0,0,0,1,1,1,0,0,0,1,0,0,0,0,0
202408,95412797,.c46m115--14,Set of 2 Small Size Inflatable Swim Safe Kids Swimming Vest HY-169C,194.8,31.36,48.3,0,2,9,0,0,0,9,7,0,0,0,7,4,0,0,0,0
202408,95412985,~C20-m90-)(,Smooth Black Ballpoint Pens - Black - 10 Pack,115,13.23,34.5,0,8,0,0,0,0,0,0,0,0,0,0,8,0,8,0,0
202408,95412986,~@c20-90_+`,Smooth Black Ballpoint Pens - Black - 20 Pack,180,20.7,34.5,0,6,0,0,0,0,0,0,0,0,0,0,6,0,6,0,0
202408,95413387,~c70--m150-! ,Baby Folding Travel Potty Seat - Blue,200,32.2,34.5,0,1,0,0,0,0,0,1,0,0,0,1,0,0,0,0,0
202408,95440028,C65M145-*-*-1,Large Shoe Bag Storage Bag Portable Waterproof Handbag - Grey,240,41.4,48.3,0,1,0,0,0,0,0,0,0,0,0,0,1,0,0,0,0
202408,95440177,12m82>>1,Silicone Airfryer Pot Red,130,22.43,48.3,0,1,0,0,0,0,0,1,0,0,0,1,0,0,0,0,0
202408,95440230,c280m400//c98-1-1dns,1500W Steam Iron PortableHandheld Garment Steamer,441.2,50.74,63.25,0,8,6,0,0,0,6,10,0,0,0,10,4,0,1,0,0
202408,95448718,~C140M230_1,Multi-function Hangers Folding PlasticHanger Non-Slip 6 in 1 Rack - 2 Packs,270,46.58,48.3,0,3,0,0,0,0,0,0,1,0,0,1,2,0,2,0,0
202408,95448927,c70-m150>>>!,Foldable 6 Layers Plastic Closet Hanger Non-Slip 6 in 1 Trouser T-Shirt Rack,170,29.33,48.3,0,7,0,0,0,0,0,0,2,0,0,2,5,0,5,0,0
202408,95449848,c80--m160-1-1,Set of 2 100 LED Outdoor Motion Sensor Solar Wall Lamp,240,27.6,63.25,0,0,1,0,0,0,1,1,0,0,0,1,0,0,0,0,0
202408,95470239,~#C30-M100,Transparent Square Glass Mug - 350ml - LZY-7,170,29.33,48.3,0,2,0,0,0,0,0,0,0,0,0,0,2,0,2,0,0
202408,95491447,c178-m245-1,Inflatable Sofa - Comfort & Style for Any Room - Red,330,56.93,48.3,0,0,4,0,0,0,4,4,0,0,0,4,0,0,0,0,0
202408,95497956,-c60m140..-1,Lux Minimalist Retro Black Metal Makeup Mirror Tabletop Vanity Mirror,201.25,34.72,34.5,0,1,6,0,0,0,6,5,0,0,0,5,2,0,0,0,0
202408,95501899,c6m65-2,Non-Slip Leaf Shape Soap Holder BA-91,190,32.78,34.5,0,1,0,0,0,0,0,0,0,0,0,0,1,0,1,0,0
202408,95502401,~c150-m240(*0f26,Portable Electric Balloon Double Hole Air Pump,350,56.35,48.3,0,1,0,0,0,0,0,0,0,0,0,0,1,0,0,0,0
202408,95503063,~c80-m160----,Manual 3 Blades Cabbage Slicer,210,36.23,48.3,0,1,0,0,0,0,0,1,0,0,0,1,0,0,0,0,0
202408,95522406,~C95-m175^$,Garden 15M Hose Pipe,500,80.5,48.3,0,3,0,0,0,0,0,0,0,0,0,0,3,0,3,0,0
202408,95522606,~C130-mm220&*2,Modern Classic Tote Handbags for Women Ladies Handbags Shoulder Bags - Brown - Women,300,51.75,48.3,0,0,4,0,0,0,4,2,0,0,0,2,2,0,0,0,0
202408,95522607,~c130-m220&,Modern Classic Tote Handbags for Women Ladies Handbags Shoulder Bags - Green - Women,280,48.3,48.3,0,2,0,0,0,0,0,2,0,0,0,2,0,0,0,0,0
202408,95522608,~C130-m220_!`,Modern Classic Tote Handbags for Women Ladies Handbags Shoulder Bags - Amber - Women,280,48.3,48.3,0,2,0,0,0,0,0,1,0,0,0,1,1,0,0,0,0
202408,95522613,~c130-m220*(!@2,Handbags and Backpacks for Women Elegant Bags Ladies Everyday Handbags - Black - Women,270,46.58,48.3,0,2,0,0,0,0,0,0,0,0,0,0,2,0,0,0,0
202408,95522614,~c130-m220*(!@1,Handbags and Backpacks for Women Elegant Bags Ladies Everyday Handbags - Brown - Women,270,46.58,48.3,0,1,0,0,0,0,0,0,0,0,0,0,1,0,0,0,0
202408,95522615,~c130-m220*(!@3,Handbags and Backpacks for Women Elegant Bags Ladies Everyday Handbags - Grey - Women,270,46.58,48.3,0,2,0,0,0,0,0,0,0,0,0,0,2,0,0,0,0
202408,95522619,~c130-m220*(!@5,Handbags and Backpacks for Women Elegant Bags Ladies Everyday Handbags - Golden - Women,270,46.58,48.3,0,3,0,0,0,0,0,0,0,0,0,0,3,0,0,0,0
202408,95523387,c160m250___1,4 Piece Food Storage Container Stackable Plastic Sealed Transparent Box 28CM - White,300,51.75,48.3,0,3,0,0,0,0,0,3,0,0,0,3,0,0,0,0,0
202408,95525754,c200-M300~1B/BAGS,Jewelry Holder With Lock - 22cm - Black - 22 cm,400,69,48.3,0,1,0,0,0,0,0,0,0,0,0,0,1,0,0,0,0
202408,95525760,~c240--m350-#)1,Suitcase Jewelry Box With Lock - 27cm - Black - 27 cm,500,86.25,48.3,0,0,5,0,0,0,5,2,0,0,0,2,3,1,0,0,0
202408,95525761,~c240--m350-#)2,Suitcase Jewelry Box With Lock - 27cm - Pink - 27 cm,500,86.25,48.3,0,0,2,0,0,0,2,1,0,0,0,1,1,0,0,0,0
202408,95527591,C120M210/C88,Sing And Move Peek a Boo Elephant Toy,248,34.22,48.3,0,2,1,1,0,0,2,2,0,0,0,2,2,0,0,1,0
202408,95527735,~C80-m160____2,Shoulder Handbags for Women Ladies Tote Bag Everyday Elegant Handbags - Black - Women,230,39.68,48.3,0,2,0,0,0,0,0,0,0,0,0,0,2,0,0,0,0
202408,95547585,~C34-M104__~~,6 Piece Spice Jar Set,154,26.57,48.3,0,1,0,0,0,0,0,1,0,0,0,1,0,0,0,0,0
202408,95552490,c98m1785-2-3,Potato Spiral Slicer,290,50.03,48.3,0,3,0,0,0,0,0,0,0,0,0,0,3,0,0,0,0
202408,95562483,~C30-m100-(^f08,8-Compartment Manual Ice Cream Mold - F49-8-1361,160,18.4,63.25,0,2,0,0,0,0,0,0,0,0,0,0,2,0,0,0,0
202408,95563861,c50m120---1-1,Transparent Milk/Water Carton Plastic Bottle - Transparent - 1 L,190,32.78,48.3,0,7,0,0,0,0,0,0,0,0,0,0,7,0,7,0,0
202408,95584438,c110m190-b/b,Foldable Picnic Basket - Pink,167,23.05,48.3,0,0,3,0,0,0,3,2,0,0,0,2,1,0,0,0,0
202408,95600281,c100-m180>.>8,1.2L Stainless Steel Insulated Vacuum Cup with Lid and Straw - White,400,69,48.3,0,2,0,0,0,0,0,0,0,0,0,0,2,0,0,0,0
202408,95600567,c165m270@8,Pack of 3 Foldable Oxford Cloth Household Storage Bags - Grey - L,350,60.38,48.3,0,1,2,0,0,0,2,1,0,0,0,1,2,0,0,0,0
202408,95606231,c210m310-1@#!,3 Piece Stainless Steel Camping Cooking Set,400,55.2,48.3,0,1,0,0,0,0,0,1,0,0,0,1,0,0,0,0,0
202408,95620366,--c100m180-1-2,Green- 360 Spin Mop & Bucket System with Microfiber Head,300,27.6,63.25,0,0,1,0,0,0,1,1,0,0,0,1,0,0,0,0,0
202408,95620471,c150-m240_2,Portable Dual Nozzle Electric Air Balloon Pump 73005,386,53.27,48.3,0,4,0,0,0,0,0,2,0,0,0,2,2,0,0,0,0
202408,95665082,c100m180-c98-.19,Misting Fan with Night Light Table Fan Cooling Humidifying Rechargeable - Black,400,46,63.25,0,1,0,0,0,0,0,0,1,0,0,1,0,0,0,0,0
202408,95665768,~C30-m100-,Rolling Fridge Egg Organizer AB-14,146.91,25.34,48.3,0,2,4,1,0,1,6,4,0,0,0,4,4,0,1,1,0
202408,95667165,~C40-M~110//,Cutlery Holder With Wooden Inlay - Black - 11 x 16cm,170,29.33,48.3,0,2,7,0,0,0,7,4,0,0,0,4,5,0,0,1,0
202408,95670304,c350m480--1-10,"Replacement Battery for HP 250 G6, 255 G6 JC04, JC03, 919700-850, 919701",780,89.7,48.3,0,7,0,0,0,0,0,0,0,0,0,0,7,0,0,0,0
202408,95670423,C80--M160--1,Hanging Solar Outdoor Garden Lights,270,31.05,63.25,0,2,0,0,0,0,0,0,0,0,0,0,2,0,1,0,0
202408,95678726,C~40-m110__~,Satin Bonnet Silky Hair Bonnet for Sleeping Double Layer Soft High Quality,146,20.15,34.5,0,2,0,0,0,0,0,1,0,0,0,1,1,1,0,0,0
202408,95680694,~c40-mm110-bella bags,Travel Toiletry Bag with Hanging Hook Water-resistant Makeup Cosmetic Bag - Black,179.63,30.99,48.3,0,14,10,1,0,0,11,23,0,0,0,23,2,0,0,0,0
202408,95681698,~c110_m190#6,Versatile two tone Cutting Board -3 Set,240,41.4,48.3,0,3,0,0,0,0,0,0,0,0,0,0,3,0,3,0,0
202408,95688419,~c50-m120-~11,Durable Tennis Balls - 3-Pack,144,21.53,48.3,0,2,0,0,0,0,0,0,0,0,0,0,2,0,0,0,0
202408,95705163,9902162993132,2 x Clear Cosmetic Bag Travel Wash Bag Toiletry Storage,180,31.05,48.3,0,3,0,0,0,3,3,1,0,0,0,1,5,0,0,0,0
202408,95710996,C84M165--3,Manual Kitchen Multi-Function Apple Peeler,240,41.4,48.3,0,0,1,0,0,0,1,1,0,0,0,1,0,0,0,0,0
202408,95724073,~C20-m90*,Food Storage Container 800Ml-Silicone - Green,140,24.15,48.3,0,3,0,0,0,0,0,0,3,0,0,3,0,0,0,0,0
202408,95725260,!C50-M-120-(8),Conquest Tennis Ball - 3 Pack,170,25.42,48.3,0,9,0,0,0,0,0,0,0,0,0,0,9,0,9,0,0
202408,95731322,c120_m210>dragon,Winter Warm Plush Thermal Blanket Breathable & Easy Care Cozy Throw Flannel - Grey - 230 cm,396.75,68.44,48.3,0,0,0,1,0,0,1,0,0,0,0,0,1,0,6,1,0
202408,95731324,c120_m210>13,Winter Warm Plush Thermal Blanket Breathable & Easy Care Cozy Throw Flannel - Pink - 230 cm,400,69,48.3,0,4,0,0,0,0,0,1,0,0,0,1,3,0,0,0,0
202408,95731326,c120_m210>12,Winter Warm Plush Thermal Blanket Breathable & Easy Care Cozy Throw Flannel - Navy Blue - 230 cm,400,69,48.3,0,0,0,0,0,1,1,0,0,0,0,0,1,0,0,0,0
202408,95731328,c120_m210>1,Winter Warm Plush Thermal Blanket Breathable & Easy Care Cozy Throw Flannel - Brown - 230 cm,400,69,48.3,0,2,0,0,0,0,0,0,0,0,0,0,2,0,0,0,0
202408,95734244,~C110-m190)*,Hip Seat Mom Peek-A-Boo Flopsy the Elephant Plush Toy - Pink,240,38.64,34.5,0,1,0,0,0,0,0,0,0,0,0,0,1,0,0,0,0
202408,95752843,-1-c170m250**,Astronaut Nebula Projector Night Light/Lamp,300,34.5,48.3,0,3,0,0,0,0,0,1,0,0,0,1,2,0,0,0,0
202408,95756818,~C50-m`120-!~,2LSports Water Bottle,290,50.03,48.3,0,3,0,0,0,0,0,0,0,0,0,0,3,0,3,0,0
202408,95759784,~c125-m215^f42,Built-in 5000mAh Rechargeable Personal Air Cooler,323.33,37.18,63.25,0,1,0,0,0,0,0,0,0,0,0,0,1,0,0,0,0
202408,95760458,~c40-m110*12,Stainless Steel Colander/Strainer 30cm,188,32.43,48.3,0,2,0,0,0,0,0,0,0,0,0,0,2,0,0,0,0
202408,95764658,c160-m250-,Double Head Solar Charging Fan - Green,200,23,63.25,0,7,0,0,0,0,0,0,0,0,0,0,7,0,7,0,0
202408,95764659,~c70-m150-(*,Double Head Solar Charging Fan - White,200,23,63.25,0,3,0,0,0,0,0,0,0,0,0,0,3,0,0,0,0
202408,95766494,c350m480--1-5,"HP HS03 HS04 250 G4, 255 G4 Replacement laptop battery",590,67.85,48.3,0,4,0,0,0,0,0,0,0,0,0,0,4,0,4,0,0
202408,95766772,-c240-m-350-2,Manual Frozen Meat Cutter,1400,241.5,48.3,0,1,2,0,0,0,2,0,0,0,0,0,3,0,0,0,0
202408,95767292,@-c90m170--1,KathOn - 2 Piece Leakproof Clear Glass Food Container - Blue,250,43.13,48.3,0,1,0,0,0,0,0,1,0,0,0,1,0,0,0,0,0
202408,95768018,C160M250---1-1,Unique Alu Framed Fold Laundry Basket - 57CM - Black,350,60.38,48.3,0,2,0,0,0,0,0,0,2,0,0,2,0,0,0,0,0
202408,95768020,C160M250----2,Unique Alu Framed Fold Laundry Basket - 57CM - Grey,350,60.38,48.3,0,1,0,0,0,0,0,0,0,0,0,0,1,0,1,0,0
202408,95782685,c90m170--1-2,Wall Mounted Key Box Key Safe with combination - Silver,220,25.3,48.3,0,5,0,0,0,0,0,0,0,0,0,0,5,0,0,0,0
202408,95783207,c380m500.c98**,66w Rechargeable Nail Uv Lamp,552.5,88.95,34.5,429.05,9,1,0,0,0,1,5,0,0,1,5,5,0,1,0,0
202408,95783259,9902141915223,Astronaut Galaxy Star Projector Colorful Night Light With Music Player,410,47.15,48.3,0,2,0,0,0,0,0,0,0,0,0,0,2,0,2,0,0
202408,95783812,--c100m180-c98,360 Degree Rotating Mop With Bucket,230,31.74,48.3,0,8,0,0,0,0,0,2,0,0,0,2,6,0,0,1,0
202408,95806517,~c110-m190__1,1.2 L Double Wall Travel Tumbler Insulated Stainless Steel Travel Mug - Black,250,34.5,48.3,0,10,0,0,0,0,0,0,0,0,0,0,10,0,0,0,0
202408,95812045,C90M170--1-1,Plastic Storage Boxes x 2,240,41.4,48.3,0,0,2,0,0,0,2,1,0,0,0,1,1,0,0,0,0
202408,95816621,c80m160--1*/,Household Goods Plastic Storage Box -2 Sets,210,36.23,48.3,0,2,0,0,0,0,0,0,0,0,0,0,2,0,0,0,0
202408,95821456,~c13-m83_*,Tempered Glass Screen Guard Protector for IPHONE XR,150,24.15,48.3,0,1,0,0,0,0,0,0,0,0,0,0,1,0,0,0,0
202408,95821670,~c~40-/m110---,Portable Jewelry Case | Mini Box for Travel Accessories & Organization - Mint,160,22.08,34.5,0,4,0,0,0,0,0,0,0,0,0,0,4,0,0,0,0
202408,95821678,c65m145--1,Rechargeable Portable Waterproof Hanging Camping Lamp,200,34.5,48.3,0,4,2,0,0,0,2,3,0,0,0,3,3,0,0,0,0
202408,95821722,c55m125---*1,Multi-Function Sewing Kits Portable Sewing Box Set,175,30.19,48.3,0,1,0,0,0,0,0,0,0,0,0,0,1,0,0,0,0
202408,95824187,c145m235-1-c88,Outdoor Solar Powered Waterproof Animal Repeller with Motion Sensor,290,40.02,48.3,0,0,2,0,0,0,2,2,0,0,0,2,0,0,0,0,0
202408,95824250,~C180-m280~,"Raining Cloud Night Light Mushroom Humidifier,Essential Oil With LED Light",327.6,41.44,48.3,0,2,0,0,0,0,0,2,0,0,0,2,0,0,0,0,0
202408,95944707,~c80-m160^,Dollhouse Play Set With Accessories,207,28.57,48.3,0,3,0,0,0,0,0,1,0,0,0,1,2,0,1,0,0
202408,95947865,c90m-170-1 c104-2,Wax Heater for Hair Removal - Blue,350,40.25,34.5,0,0,3,0,0,0,3,1,0,0,0,1,2,0,0,0,0
202408,95950790,c65m145---2--1,3 Compartment Toiletry Bag - Grey,300,51.75,48.3,0,1,0,0,0,0,0,1,0,0,0,1,0,0,0,0,0
202408,95950854,C96M176-2--4,2 Psc Mini Transparent Office Desktop Trash Can - Grey,230,39.68,48.3,0,2,0,0,0,1,1,0,0,0,0,0,3,0,0,0,0
202408,95950855,C96M176-2--3,2 Psc Mini Transparent Office Desktop Trash Can - Transparent,250,43.13,48.3,0,1,0,0,0,0,0,0,0,0,0,0,1,0,0,0,0
202408,95951362,c70m150---1,Untertop Bathroom Wash Storage Box,200,34.5,34.5,0,1,1,0,0,1,2,1,0,0,0,1,2,0,0,0,0
202408,95956824,c-110m-190--1,Gadget Boost Solar Security Dummy Camera Light With Remote,240,27.6,48.3,0,2,0,0,0,0,0,0,0,0,0,0,2,0,0,0,0
202408,95958728,c55m125--2--9,21 Piece Household Portable Sewing Kit - Emarald,175,30.19,48.3,0,4,0,0,0,0,0,0,0,0,0,0,4,0,4,0,0
202408,95959195,c290m400--1-6,"Replacement Laptop Battery for HP HS03, HS04 240 G4, G4, 255 G5",490,56.35,48.3,0,4,0,0,0,0,0,0,0,0,0,0,4,0,0,0,0
202408,95965008,~C300-420--m,Make Up Nail Art Beauty Cosmetics Carry Vanity Organiser Case,500,69,34.5,0,4,0,0,0,0,0,4,0,0,0,4,0,0,0,0,0
202408,95989548,9902143831309,1 Piece Bamboo Desktop Jewellery Stand - Black - Unisex,200,41.4,48.3,0,1,0,0,0,0,0,0,0,0,0,0,1,0,0,0,0
202408,95993010,*c80-m160--1-1,SEYGM - Non-Slip Travel Tumbler - 500ml - Green,220,30.36,48.3,0,2,0,0,0,0,0,0,0,0,0,0,2,0,0,0,0
202408,95995025,c260m380--1-1,Spherical Drinks Dispenser With Built-In Ice Container,430,74.18,48.3,0,1,7,0,0,0,7,3,0,0,0,3,5,0,1,0,0
202408,95995035,~C34--M104^^,Tabletop Spice Organizer,154,26.57,48.3,0,2,0,0,0,0,0,0,0,0,0,0,2,0,0,0,0
202408,95995394,C50M120*-1,Sink Drain Strainer Basket Multifunction Foldable Corner Sink Strainer,170,21.51,48.3,0,1,0,0,0,0,0,1,0,0,0,1,0,0,0,0,0
202408,96001696,C190M290--DNS,UFO Raindrop Diffuser and Humidifier,247.14,31.26,48.3,0,2,5,0,0,0,5,2,0,0,0,2,5,0,0,0,1
202408,96008139,~C70--m150**,38.5x26.3x2.2cm 24 Hole Muffin Cake Baking Tray DHB41,300,51.75,48.3,0,0,2,0,0,0,2,1,0,0,0,1,1,0,0,0,0
202408,96019795,~C50-M120---~##,Professional Locust Wood Baseball Bat,170,25.42,48.3,0,0,0,0,0,1,1,0,0,0,0,0,1,0,0,0,0
202408,96022149,~c140-m230,Multifunctional Outdoor Foldable Picnic Storage Basket,280,38.64,48.3,0,1,1,0,0,0,1,0,0,0,0,0,2,0,0,0,0
202408,96041051,c300-m420--1.,Portable Electric Polishing Nail Drill Art Set - Pink,590,94.99,34.5,0,1,1,0,0,0,1,1,0,0,0,1,1,0,0,0,0
202408,96047992,-c185-m285-14,3 Colors LED Crystal Table Lamp Dimmable Rechargeable Desk Lamp,320,55.2,48.3,0,9,0,0,0,0,0,0,0,0,0,0,9,0,0,0,0
202408,96067162,"~c60-m140~1,f42",Portable Foldable Double-Sided Makeup USB Mirror With LED Lights,190,32.78,48.3,0,2,0,0,0,0,0,0,0,0,0,0,2,0,0,0,0
202408,96100308,c160m250--1-2,Replacement 14.85V 3.05A 45W Mag safe 2 Apple Laptop Charger,390,44.85,48.3,0,3,0,0,0,0,0,1,0,0,0,1,2,0,1,0,0
202408,96103022,.-c30m10--1-1,Wall Mount Tv Stand For 14'-42' Led Lcd Tv,290,40.02,48.3,0,0,0,1,0,0,1,0,0,0,0,0,1,0,1,0,0
202408,96106780,c240-m350__~1,"Travel Makeup Train Case, Makeup Cosmetic Case Organizer",397.33,68.54,48.3,0,4,7,0,0,0,7,5,0,0,0,5,6,0,0,0,0
202408,96114359,~c112m!192__~`1,Ceramic Modern Table Lamps Fabric Shade For Bedroom Living Room Hotel,350,60.38,48.3,0,7,0,0,0,0,0,0,0,0,0,0,7,0,0,0,0
202408,96199004,--c110-m190-.-1,Answer Buzzers Light and Sound,270,37.26,48.3,0,1,0,0,0,0,0,1,0,0,0,1,0,0,0,0,0
202408,96203701,~C75-.M155~`0__),5 Piece Satin Sleeping Hair Bonnets,210,28.98,34.5,0,1,0,0,0,0,0,1,0,0,0,1,0,0,0,0,0
202408,96204948,*c220m330--3,Geometric Pattern Woolen Sofa Throw/ Blanket - Queen Size - Blue - Queen,400,69,48.3,0,2,0,0,0,0,0,0,0,0,0,0,2,0,0,0,0
202408,96204949,*c220m330--2,Geometric Pattern Woolen Sofa Throw/ Blanket - Queen Size - Grey - Queen,400,69,48.3,0,3,1,0,0,0,1,0,0,0,0,0,4,0,0,0,0
202408,96209613,~c70-m150^^^^,Camping Refregible 2L Water Bottle - Black - 1 Pack 330 g,204,28.15,48.3,0,10,0,0,0,0,0,1,0,0,0,1,9,0,0,0,0
202408,96209614,~c70-m150*VV,Camping Refregible 2L Water Bottle - Camouflage - 1 Pack 330 g,200,27.6,48.3,0,3,0,0,0,0,0,3,0,0,0,3,0,0,0,0,0
202408,96220724,c120m210-1-,2 Piece Personal Portable Recharge Mini Mixer Cup Bottle Juicer Blender,330,37.95,63.25,0,1,0,0,0,0,0,0,0,0,0,0,1,0,0,0,0
202408,96223709,c240m350---4,Winter Oversize Huge Hoodie - MA2 - Set of 2 - Red - Unisex,400,69,48.3,0,1,0,0,0,0,0,0,0,0,0,0,1,0,0,0,0
202408,96223711,c240m350---2,Winter Oversize Huge Hoodie - MA2 - Set of 2 - Black - Unisex,400,69,48.3,0,1,0,0,0,0,0,0,0,0,0,0,1,0,0,0,0
202408,96223712,c240m350---3,Winter Oversize Huge Hoodie - MA2 - Set of 2 - Blue - Unisex,400,69,48.3,282.7,1,0,0,0,0,0,0,0,0,1,1,0,0,0,0,0
202408,96223713,c240m350---1,Winter Oversize Huge Hoodie - MA2 - Set of 2 - Grey - Unisex,400,69,48.3,0,1,0,0,0,0,0,0,0,0,0,0,1,0,0,0,0
202408,96244933,c240-m~350--5,Professional Large Capacity Multi layer Makeup Bag w/ Shoulder Strap Pink,410,70.73,48.3,0,5,3,0,0,0,3,3,0,0,0,3,5,0,0,0,0
202408,96254607,c140m230...-/1,5-in-1-Full Relax Tone Spin Body Massager,290,43.36,48.3,0,3,0,0,0,0,0,0,0,0,0,0,3,0,0,0,0
202408,96254822,!C130-mm220+_),Purple Unicorn - Novelty Fold Up Pillow Fleece Kids Hoodie,280,32.2,34.5,0,4,0,0,0,0,0,2,0,0,0,2,2,0,0,0,0
202408,96291006,~c15--m85^^^!,Colourful Hair Extension - Purple,135,18.63,34.5,81.87,1,0,0,0,0,0,0,0,0,1,1,0,0,0,0,0
202408,96296850,C22M92/BELLA,Cat & Dog Steam Grooming 3 In 1 Brush With Rechargeable USB Battery - Green,280,32.2,34.5,0,2,0,0,0,0,0,0,0,0,0,0,2,0,0,0,0
202408,96299163,c100-m180-12,"Double Wall Travel Mug Stainless Steel Vacuum Flask & Straw Hot/Cold 1,2L - Black",250,34.5,48.3,0,2,0,0,0,0,0,0,0,0,0,0,2,0,0,0,0
202408,96304461,C110-*190*&^,1.2 L Double Wall Travel Tumbler - Light Blue - 30 cm,380,52.44,48.3,0,2,0,0,0,0,0,0,0,0,0,0,2,0,0,0,0
202408,96315023,-c33m103-temu,3Pcs Car Interior Cleaning Tool Brush with Cover Soft Hair Removal Brush,250,28.75,48.3,0,0,2,0,0,0,2,1,0,0,0,1,1,0,0,0,0
202408,96315411,c130-m220--1,Pink Cat - Novelty Fold Up Pillow Fleece Kids Hoodie,350,40.25,34.5,0,1,0,0,0,0,0,0,0,0,0,0,1,0,0,0,0
202408,96315890,~C24--m94%&4,Washable Refrigerator Mats for Refrigerator Shelves Drawer - Blue,153,26.39,48.3,0,1,0,0,0,0,0,1,0,0,0,1,0,0,0,0,0
202408,96315892,~C24--m94%&,Washable Refrigerator Mats for Refrigerator Shelves Drawer - White,150,25.88,48.3,0,0,3,0,0,0,3,1,0,0,0,1,2,0,0,0,0
202408,96315893,~c24-m94%^^1,Washable Refrigerator Mats for Refrigerator Shelves Drawer - Red,150,25.88,48.3,0,3,0,0,0,0,0,0,0,0,0,0,3,0,0,0,0
202408,96316458,~c200-m300*&2,Vintage Beige Jewellery Organiser,360,62.1,48.3,0,3,0,0,0,0,0,0,0,0,0,0,3,0,0,0,0
202408,96346916,~c175-m275~~66,Long Flannel Nightwear Pyjamas Set with Hood For Winter - Purple - Women,297.86,51.38,48.3,0,2,1,0,0,0,1,1,0,0,0,1,2,0,0,0,0
202408,96346917,~c175-m275___``,Long Flannel Nightwear Pyjamas Set with Hood For Winter - Red - Women,350,60.38,48.3,0,10,0,0,0,0,0,0,0,0,0,0,10,0,0,0,0
202408,96374034,C260M380>>5,"19 Piece Silicone Kitchen Set with Knives, Cutting Board and Storage Rack - Light Green",500,86.25,48.3,0,0,4,0,0,0,4,1,0,0,0,1,3,0,0,1,0
202408,96374035,C260M380>>13,"19 Piece Silicone Kitchen Set with Knives, Cutting Board and Storage Rack - Black",470,81.08,48.3,0,0,8,0,0,0,8,5,0,0,0,5,3,0,0,1,0
202408,96374037,C260M380>>2,"19 Piece Silicone Kitchen Set with Knives, Cutting Board and Storage Rack - Grey",500,86.25,48.3,0,2,0,0,0,0,0,0,0,0,0,0,2,0,0,0,0
202408,96385369,~C40-mm110*(),Unicorn Popit Mini Coin Purse Push Bubbles - Purple And Pink - 2 Pack,180,24.84,48.3,0,2,0,0,0,0,0,1,0,0,0,1,1,0,0,0,0
202408,96407504,c110--190**6DNS,Thirsti Travel Tumbler - Barbie Pink,200.31,27.64,48.3,0,2,15,0,0,0,15,10,0,0,0,10,7,0,0,0,0
202408,96409407,c120_m210>8,Premium Blanket Winter Warmth and Soft - Black,400,69,48.3,0,2,0,0,0,0,0,0,0,0,0,0,2,0,0,0,0
202408,96412023,c85m165--1-1-b192,Mini Portable Turbine Washing Machine,240,27.6,48.3,0,2,0,0,0,0,0,0,0,0,0,0,2,0,0,0,0
202408,96416620,~C160_M250*!2,Extra Long Oversized Ultra Plush Blanket Hoodies - Red,300,51.75,48.3,0,2,0,0,0,0,0,0,0,0,0,0,2,0,0,0,0
202408,96419983,-c40m110-1-1,Reusable Under Door Stoper - Pack Of 2 - Black,180,22.77,48.3,0,2,1,0,0,0,1,2,0,0,0,2,1,0,0,0,0
202408,96425114,~c150-m240-**!4,Modern Ceramic Minimalist Nordic U-Shape Flowers Vase for Home Decor - White,290,50.03,48.3,0,1,2,0,0,0,2,3,0,0,0,3,0,0,0,0,0
202408,96425117,~c150-m240-**!1,Modern Ceramic Minimalist Nordic U-Shape Flowers Vase for Home Decor - Grey,290,50.03,48.3,0,1,0,0,0,0,0,0,0,0,0,0,1,0,0,0,0
202408,96425662,~C130-m220*&^,Glass Butter Dish with Lid Clear Glass Butter Keeper Container - 3 Pieces Set,270,46.58,48.3,0,8,1,1,0,2,4,1,0,0,0,1,11,0,0,0,0
202408,96450122,c140m230-1-1,Portable Fresh Juicer Citrus Juicer Extractor Blender Machine,356,40.94,63.25,0,4,0,0,0,0,0,2,0,0,0,2,2,0,1,0,0
202408,96454576,-*c130m220-1-2,Teen Fluffy Winter Bunny Pajamas Set - Black / White - XL-2XL Girls 11-14 years,280,48.3,48.3,0,3,0,0,0,0,0,1,0,0,0,1,2,0,0,0,0
202408,96454582,-*c130m220-1-4,Girls Teen Fluffy Winter Bunny Pajamas Set - Grey / White - M-L Girls 8-10 years,280,48.3,48.3,0,3,0,0,0,0,0,3,0,0,0,3,0,0,2,0,0
202408,96454585,-*c130m220-1-15,Girls Teen Fluffy Winter Bunny Pajamas Set - Pink / White - M-L Girls 8-10 years,400,69,48.3,0,1,0,0,0,0,0,0,0,0,0,0,1,0,0,0,0
202408,96463345,~1c200-m300~!@,Decor Modern Art Texture Ceramic Vase with Artificial Flowers -14x14x33.5cm - Olive Green,410,70.73,48.3,0,1,0,0,0,0,0,0,0,0,0,0,1,0,0,0,0
202408,96499336,c48m118-a10-3,Portable Car Vacuum Cleaner,173,19.9,63.25,0,1,8,0,0,0,8,7,0,0,0,7,2,0,0,1,0
202408,96504973,c130-m220--3-2,Mermaid Wearable Blanket Hoodie-Star Pattern Fluffy Flannel - Grey - Women,400,69,48.3,282.7,3,0,0,0,0,0,0,0,0,1,1,2,0,0,0,0
202408,96504974,c130-m220--3--1,Mermaid Wearable Blanket Hoodie-Star Pattern Fluffy Flannel - Pink - Women,400,69,48.3,282.7,2,0,0,0,0,0,0,0,0,1,1,1,0,0,0,0
202408,96510401,c85m165>>!,Glow In The Dark Kids Flannel Blanket - Grey,230,39.68,48.3,0,2,0,0,0,0,0,0,0,0,0,0,2,0,0,0,0
202408,96532173,c170m260--1-1,Fascial Gun Massager 6 Level Frequency Vibration-KH320,400,46,48.3,0,3,0,0,0,0,0,0,0,0,0,0,3,0,0,0,0
202408,96559520,~c100-m180m)9,"Magic Bathroom Slippers, Shower Anti-Slip Massage Foot Scrub Unisex - Pink",230,39.68,48.3,0,2,0,0,0,0,0,0,0,0,0,0,2,0,1,0,0
202408,96559521,~c100-mm180*&^,"Magic Bathroom Slippers, Shower Anti-Slip Massage Foot Scrub Unisex - Blue",230,39.68,48.3,0,1,0,0,0,0,0,0,0,0,0,0,1,0,0,0,0
202408,96559522,~c100--*180__,"Magic Bathroom Slippers, Shower Anti-Slip Massage Foot Scrub Unisex - Grey",230,39.68,48.3,142.03,5,0,0,0,0,0,1,0,0,1,2,3,0,0,0,0
202408,96581528,c40m110-*3,Double Layer Large Capacity Straw Cup - 480ML - White,200,34.5,48.3,0,1,0,0,0,0,0,0,0,0,0,0,1,0,0,0,0
202408,96581530,c40m110-*-5,Double Layer Large Capacity Straw Cup - 480ML - Blue,200,34.5,48.3,0,1,0,0,0,0,0,0,0,0,0,0,1,0,0,0,0
202408,96581559,c97m175-1,1200ml Insulated Stainless Steel Travel Mug - red,300,51.75,48.3,0,1,0,0,0,0,0,0,0,0,0,0,1,0,0,0,0
202408,96680625,-C120M210-*-4,Kids Oversized Thick Warm Blanket Hoodie For Winter - Grey,280,48.3,48.3,0,1,0,0,0,0,0,0,0,0,0,0,1,0,0,0,0
202408,96680626,-C120M210-*-3,Kids Oversized Thick Warm Blanket Hoodie For Winter - Blue,280,48.3,48.3,0,1,1,0,0,0,1,0,0,0,0,0,2,0,0,0,0
202408,96680627,-C120M210-*-2,Kids Oversized Thick Warm Blanket Hoodie For Winter - Black,280,48.3,48.3,0,1,0,0,0,0,0,0,0,0,0,0,1,0,0,0,0
202408,96755146,~C60M140__8,KATH Grey Plastic Storage Containers,200,34.5,48.3,0,3,2,0,0,0,2,4,0,0,0,4,1,0,0,0,0
202408,96755847,C180M280><>2,KathOn - Non Woven Fabric Laundry Storage Bags - Black / White - 60 L L 400 g,400,69,69,0,0,3,0,0,0,3,0,0,0,0,0,3,0,0,0,0
202408,96755871,~C40-M110^,31cm Strainer Silver,190,32.78,48.3,0,1,1,0,0,0,1,2,0,0,0,2,0,0,0,0,0
202408,96760273,~c110-m200--~,Kath White Home Air Purifier,340,39.1,63.25,0,2,3,0,0,0,3,3,0,0,0,3,2,0,0,0,0
202408,96760288,~c300-m420--,Heavy Duty Household Slicer,600,103.5,48.3,0,1,0,0,0,0,0,0,1,0,0,1,0,0,1,0,0
202408,96770884,c250_m370--,Black Metal Brushed Multi-Cooker,420,72.45,48.3,0,0,2,0,0,0,2,1,0,0,0,1,1,0,0,0,0
202408,96863647,c100m180-c104,Electric Turbo 800 Enegry Saving Wall Heater,200,23,63.25,0,1,0,0,0,0,0,0,0,0,0,0,1,0,0,0,0
202408,96867240,c140m230-b19,Contemporary Folding Home And Office Table,300,34.5,48.3,0,0,2,0,0,0,2,1,0,0,0,1,1,0,0,0,0
202408,96867853,c640m790-1,Portable Heavy Duty Hose Pipe,1000,161,63.25,0,0,3,0,0,0,3,3,0,0,0,3,0,0,0,0,0
202408,96869712,c215m320-2,Adjustable Height Work Station Table - Black,390,44.85,48.3,0,0,7,1,0,0,8,3,0,0,0,3,5,0,0,0,0
202408,96869713,c215m320-1,Adjustable Height Work Station Table - Brown,390,44.85,63.25,0,0,4,0,0,0,4,1,0,0,0,1,3,0,0,0,0
202408,96870423,c280m390-c98,Portable Handheld Steam Iron,450,51.75,63.25,0,3,1,0,0,0,1,0,0,0,0,0,4,0,0,0,0
202408,96871122,c280m400-b52,4 in 1 HD Car DVR Video Recorder - KathOn,500,34.5,48.3,0,1,0,0,0,0,0,0,0,0,0,0,1,0,0,0,0
202408,96871658,c300m420-c987/b19,65 Functions Kids Learning Machine And LCD Writing Tablet,530,73.14,48.3,0,1,3,0,0,0,3,3,0,0,0,3,1,0,0,0,0
202408,96872845,C495-M655-B51,3 Vintage Lights Hemp Rope Pendant Hanging Light,800,138,48.3,0,0,3,1,0,0,4,1,0,0,0,1,3,0,0,0,0
202408,96872860,-C150M240--1-B52,2 Pack Vintage Metal Cage Pendant Lamps,400,69,48.3,0,0,8,0,0,0,8,5,0,0,0,5,3,0,0,0,0
202408,96872931,C295-M415-2-B52,Pendant Cube Shaped Hanging Ceiling Light,666,114.89,48.3,0,0,4,0,0,0,4,3,0,0,0,3,1,0,0,0,0
202408,96872963,C295-M415-1-B52,3 Diamond Shaped Lights Chandelier,599.5,103.41,48.3,0,0,4,0,0,0,4,2,0,0,0,2,2,0,0,0,0
202408,96873103,c420m560-a10/c98-480,Luxurious 2-in-1 Reversible Full Body Massage Mat with Heat,665,99.42,63.25,0,0,7,0,0,0,7,4,0,0,0,4,3,0,1,0,0
202408,96873110,c288m398-b52,Rustic Black Hanging Ceiling Lamp,649.25,112,48.3,0,0,5,0,0,0,5,4,0,0,0,4,1,0,0,0,0
202408,96875082,c340m430-b52,Pack of 2 - Flannel Cat Hammock,550,63.25,34.5,0,0,1,0,0,0,1,0,0,0,0,0,1,0,0,0,0
202408,96876526,c50m120-c98-3,Pack of 2 Support Compression Knee Brace - S,200,29.9,48.3,0,0,2,0,0,0,2,1,0,0,0,1,1,0,0,0,0
202408,96876527,c50m120-c98-4,Pack of 2 Support Compression Knee Brace - M,186.67,27.91,48.3,0,1,3,0,0,0,3,2,0,0,0,2,2,0,0,0,0
202408,96876528,c50m120-c98-5,Pack of 2 Support Compression Knee Brace - L,226.67,33.89,48.3,0,0,6,0,0,0,6,3,0,0,0,3,3,0,0,0,0
202408,96876529,c50m120-c98,Pack of 2 Support Compression Knee Brace - XL,180,26.91,48.3,0,0,2,0,0,0,2,1,0,0,0,1,1,0,0,0,0
202408,96876530,c50m120-c98-2,Pack of 2 Support Compression Knee Brace - 2 XL,200,29.9,48.3,0,0,1,0,0,0,1,0,0,0,0,0,1,0,0,0,0
202408,96877519,c135m225-b19-2,Kiddie Fun Road Wiggle Scooter - Pink - 2-7 years,296,40.85,48.3,0,2,8,1,0,0,9,10,0,0,0,10,1,0,0,0,0
202408,96880331,c168m258-FFU-1,Mesh Foldable Pet Folding Crate House With Cloth Fence - Grey - M,350,40.25,34.5,0,0,2,0,0,0,2,0,0,0,0,0,2,0,0,0,0
202408,96880332,c228m330-FFU-1,Mesh Foldable Pet Folding Crate House With Cloth Fence - Grey - L,400,46,34.5,0,0,2,0,0,0,2,1,0,0,0,1,1,0,0,0,0
202408,96880336,c228m330-FFU-2,Mesh Foldable Pet Folding Crate House With Cloth Fence - Blue - L,400,46,34.5,0,0,4,0,0,0,4,2,0,0,0,2,2,0,0,0,0
202408,96880567,C100M180-B19,Commercial Potato Chipper Cutter,250,43.13,48.3,0,0,9,0,0,0,9,5,0,0,0,5,4,0,0,0,0
202408,96880684,C130M220-C-C98-2,Anti Slip Yoga Mat With Yoga Brick Combo - Pink - 1 Pack 23 cm,300,44.85,48.3,0,0,2,1,0,0,3,1,0,0,0,1,2,0,1,0,0
202408,96881319,c200m300-a10,2 Pack Lawn Landscape Sunflower Outdoor Solar Lights,380,61.18,48.3,0,0,4,0,0,0,4,2,0,0,0,2,2,0,0,0,0
202408,96884903,c40m110-1-c98,Silver Stainless Steel Brushed Skillets,190,32.78,48.3,0,0,2,0,0,0,2,1,0,0,0,1,1,0,0,0,0
202408,96887925,c100m180-woo-1,KT - 19V 2.37A 45W /4.0mm x 1.35mm Asus Replacement Laptop Charger,250,40.25,48.3,0,0,2,0,0,0,2,1,0,0,0,1,1,0,0,0,0
202408,96891526,c530m680-,KT - Battery for Apple MacBook Pro 15 A1321 (10.95V),899,103.39,48.3,0,0,4,0,0,0,4,2,0,0,0,2,2,0,0,0,0
202408,96891681,c580m760--,KT - Battery for Apple MacBook Air 13 inch A1405,1049.75,120.72,48.3,0,0,8,0,0,0,8,4,0,0,0,4,4,0,0,0,0
202408,96892102,c80m160-drag-1,Set Of 2 Cloud Pillow Women's Travel Cosmetic Bag - Black,250,43.13,48.3,0,0,3,0,0,0,3,1,0,0,0,1,2,0,0,0,0
202408,96895593,c345m435-yoleo,KT - Infrared Induction Cooker,550,63.25,63.25,0,0,2,0,0,0,2,1,0,0,0,1,1,0,0,0,0
202408,96901796,c310m430-b19-1,KT - Sandwich Maker With Three TInterchangeable Plates,600,69,63.25,0,0,4,0,0,0,4,1,0,0,0,1,3,0,0,0,0
202408,96902698,c80m160-afri,Self Adhesive 4 Hooks Wood Clothes Rack - Pack Of 2,250,43.13,48.3,0,0,2,0,0,0,2,0,0,0,0,0,2,0,0,0,0
202408,96909881,c230m340-1-1b52,Ultrasonic Cool Air Drop Mist Humidifier,390,67.28,48.3,0,0,5,0,0,0,5,3,0,0,0,3,2,0,0,0,0
